threshold_name,threshold_value,volume_id,sample_count,supported_pixels,support_weight_sum,method,high_risk_prevalence,auprc,auroc
q85,1.4107755422592163,file_brain_AXT2_200_2000080,16,4866048,1183261.7603759766,C0,0.5731416596403585,0.9648658983496747,0.9654399444551276
q85,1.4107755422592163,file_brain_AXT2_200_2000080,16,4866048,1183261.7603759766,U1,0.5731416596403585,0.9117539271956294,0.8967561987023376
q85,1.4107755422592163,file_brain_AXT2_200_2000080,16,4866048,1183261.7603759766,U2a,0.5731416596403585,0.7525246099125035,0.7814997110089852
q85,1.4107755422592163,file_brain_AXT2_200_2000080,16,4866048,1183261.7603759766,U2b,0.5731416596403585,0.8731578234094957,0.9058846252132248
q85,1.4107755422592163,file_brain_AXT2_200_2000080,16,4866048,1183261.7603759766,B1,0.5731416596403585,0.8742739580689308,0.8812425906775139
q85,1.4107755422592163,file_brain_AXT2_200_2000080,16,4866048,1183261.7603759766,B2,0.5731416596403585,0.8760456158220341,0.885676725419709
q85,1.4107755422592163,file_brain_AXT2_200_2000080,16,4866048,1183261.7603759766,B3,0.5731416596403585,0.6416228519266067,0.5124505495327468
q85,1.4107755422592163,file_brain_AXT2_200_2000080,16,4866048,1183261.7603759766,B4,0.5731416596403585,0.8541281676616025,0.8619997405732047
q85,1.4107755422592163,file_brain_AXT2_200_2000080,16,4866048,1183261.7603759766,B5,0.5731416596403585,0.5746680758975586,0.5020206717096859
q85,1.4107755422592163,file_brain_AXT2_200_2000080,16,4866048,1183261.7603759766,B6,0.5731416596403585,0.8621990074115691,0.8885184552116258
q95,2.0520856380462646,file_brain_AXT2_200_2000080,16,4866048,1183261.7603759766,C0,0.17147180206577295,0.5236728114996415,0.847649012248714
q95,2.0520856380462646,file_brain_AXT2_200_2000080,16,4866048,1183261.7603759766,U1,0.17147180206577295,0.4118183972637064,0.8076444938786095
q95,2.0520856380462646,file_brain_AXT2_200_2000080,16,4866048,1183261.7603759766,U2a,0.17147180206577295,0.2271183365314919,0.6456445397642485
q95,2.0520856380462646,file_brain_AXT2_200_2000080,16,4866048,1183261.7603759766,U2b,0.17147180206577295,0.21899193573176107,0.6546960477762748
q95,2.0520856380462646,file_brain_AXT2_200_2000080,16,4866048,1183261.7603759766,B1,0.17147180206577295,0.32584894238818457,0.7367660152090066
q95,2.0520856380462646,file_brain_AXT2_200_2000080,16,4866048,1183261.7603759766,B2,0.17147180206577295,0.32337958337983075,0.7443247554592037
q95,2.0520856380462646,file_brain_AXT2_200_2000080,16,4866048,1183261.7603759766,B3,0.17147180206577295,0.29313082263772744,0.6033622196343522
q95,2.0520856380462646,file_brain_AXT2_200_2000080,16,4866048,1183261.7603759766,B4,0.17147180206577295,0.3245721198724271,0.7377813260040557
q95,2.0520856380462646,file_brain_AXT2_200_2000080,16,4866048,1183261.7603759766,B5,0.17147180206577295,0.17242165108298005,0.5017903740582891
q95,2.0520856380462646,file_brain_AXT2_200_2000080,16,4866048,1183261.7603759766,B6,0.17147180206577295,0.30451216397278785,0.7367016814118068
q85,1.4107755422592163,file_brain_AXT2_200_2000175,16,4866048,1225077.2194213867,C0,0.6053331526473114,0.9776992701351908,0.9713870466614563
q85,1.4107755422592163,file_brain_AXT2_200_2000175,16,4866048,1225077.2194213867,U1,0.6053331526473114,0.9292080922707767,0.8924660848190559
q85,1.4107755422592163,file_brain_AXT2_200_2000175,16,4866048,1225077.2194213867,U2a,0.6053331526473114,0.8017191219222694,0.7942531714317783
q85,1.4107755422592163,file_brain_AXT2_200_2000175,16,4866048,1225077.2194213867,U2b,0.6053331526473114,0.8852532315825372,0.8922676949027418
q85,1.4107755422592163,file_brain_AXT2_200_2000175,16,4866048,1225077.2194213867,B1,0.6053331526473114,0.8954953178358179,0.8851262977413695
q85,1.4107755422592163,file_brain_AXT2_200_2000175,16,4866048,1225077.2194213867,B2,0.6053331526473114,0.9012350601206081,0.8925988472130905
q85,1.4107755422592163,file_brain_AXT2_200_2000175,16,4866048,1225077.2194213867,B3,0.6053331526473114,0.7033444111350007,0.5816346227100324
q85,1.4107755422592163,file_brain_AXT2_200_2000175,16,4866048,1225077.2194213867,B4,0.6053331526473114,0.8919253971217913,0.8834416786049628
q85,1.4107755422592163,file_brain_AXT2_200_2000175,16,4866048,1225077.2194213867,B5,0.6053331526473114,0.6065273186998809,0.5016158784513474
q85,1.4107755422592163,file_brain_AXT2_200_2000175,16,4866048,1225077.2194213867,B6,0.6053331526473114,0.8769859278912331,0.8861443694718183
q95,2.0520856380462646,file_brain_AXT2_200_2000175,16,4866048,1225077.2194213867,C0,0.15809679815950606,0.6393419292338796,0.8784750091400252
q95,2.0520856380462646,file_brain_AXT2_200_2000175,16,4866048,1225077.2194213867,U1,0.15809679815950606,0.4942300846660301,0.8165770594371187
q95,2.0520856380462646,file_brain_AXT2_200_2000175,16,4866048,1225077.2194213867,U2a,0.15809679815950606,0.2201366182344914,0.6436258171154129
q95,2.0520856380462646,file_brain_AXT2_200_2000175,16,4866048,1225077.2194213867,U2b,0.15809679815950606,0.2035395396333169,0.660529660994787
q95,2.0520856380462646,file_brain_AXT2_200_2000175,16,4866048,1225077.2194213867,B1,0.15809679815950606,0.42505793886602217,0.8150732290618223
q95,2.0520856380462646,file_brain_AXT2_200_2000175,16,4866048,1225077.2194213867,B2,0.15809679815950606,0.43828264388195914,0.8248353092744255
q95,2.0520856380462646,file_brain_AXT2_200_2000175,16,4866048,1225077.2194213867,B3,0.15809679815950606,0.29841842857777034,0.6290943719118527
q95,2.0520856380462646,file_brain_AXT2_200_2000175,16,4866048,1225077.2194213867,B4,0.15809679815950606,0.3605375437982945,0.7818411853230454
q95,2.0520856380462646,file_brain_AXT2_200_2000175,16,4866048,1225077.2194213867,B5,0.15809679815950606,0.15876939603626908,0.5012673740972099
q95,2.0520856380462646,file_brain_AXT2_200_2000175,16,4866048,1225077.2194213867,B6,0.15809679815950606,0.30038955198266565,0.7663958635186713
q85,1.4107755422592163,file_brain_AXT2_200_2000360,16,4866048,1316783.5888671875,C0,0.5140085568721569,0.9461775852849061,0.9469583976571918
q85,1.4107755422592163,file_brain_AXT2_200_2000360,16,4866048,1316783.5888671875,U1,0.5140085568721569,0.8693101419269922,0.8596484682242649
q85,1.4107755422592163,file_brain_AXT2_200_2000360,16,4866048,1316783.5888671875,U2a,0.5140085568721569,0.6181186307014682,0.674663242457904
q85,1.4107755422592163,file_brain_AXT2_200_2000360,16,4866048,1316783.5888671875,U2b,0.5140085568721569,0.6176995575115883,0.7005355786969323
q85,1.4107755422592163,file_brain_AXT2_200_2000360,16,4866048,1316783.5888671875,B1,0.5140085568721569,0.7436665788860213,0.7799453145046558
q85,1.4107755422592163,file_brain_AXT2_200_2000360,16,4866048,1316783.5888671875,B2,0.5140085568721569,0.745020554751495,0.781332875626014
q85,1.4107755422592163,file_brain_AXT2_200_2000360,16,4866048,1316783.5888671875,B3,0.5140085568721569,0.5567082934120771,0.5077553313085056
q85,1.4107755422592163,file_brain_AXT2_200_2000360,16,4866048,1316783.5888671875,B4,0.5140085568721569,0.810846315663043,0.8464346433872025
q85,1.4107755422592163,file_brain_AXT2_200_2000360,16,4866048,1316783.5888671875,B5,0.5140085568721569,0.5146300143567094,0.5009325086659551
q85,1.4107755422592163,file_brain_AXT2_200_2000360,16,4866048,1316783.5888671875,B6,0.5140085568721569,0.7012556502207868,0.780673103258104
q95,2.0520856380462646,file_brain_AXT2_200_2000360,16,4866048,1316783.5888671875,C0,0.20707830562173538,0.6790724678958577,0.9046788431197937
q95,2.0520856380462646,file_brain_AXT2_200_2000360,16,4866048,1316783.5888671875,U1,0.20707830562173538,0.5035430600302734,0.8238236690145861
q95,2.0520856380462646,file_brain_AXT2_200_2000360,16,4866048,1316783.5888671875,U2a,0.20707830562173538,0.2163358360167188,0.5431906812047976
q95,2.0520856380462646,file_brain_AXT2_200_2000360,16,4866048,1316783.5888671875,U2b,0.20707830562173538,0.1941413863459892,0.5193622651909359
q95,2.0520856380462646,file_brain_AXT2_200_2000360,16,4866048,1316783.5888671875,B1,0.20707830562173538,0.32046636840120446,0.6499499797354159
q95,2.0520856380462646,file_brain_AXT2_200_2000360,16,4866048,1316783.5888671875,B2,0.20707830562173538,0.32204532889860776,0.6483142130488428
q95,2.0520856380462646,file_brain_AXT2_200_2000360,16,4866048,1316783.5888671875,B3,0.20707830562173538,0.27264304147331414,0.5628213889605225
q95,2.0520856380462646,file_brain_AXT2_200_2000360,16,4866048,1316783.5888671875,B4,0.20707830562173538,0.39992099004212095,0.7722951809260632
q95,2.0520856380462646,file_brain_AXT2_200_2000360,16,4866048,1316783.5888671875,B5,0.20707830562173538,0.20732933001716355,0.500381630372247
q95,2.0520856380462646,file_brain_AXT2_200_2000360,16,4866048,1316783.5888671875,B6,0.20707830562173538,0.26772626135358657,0.6564235648549784
q85,1.4107755422592163,file_brain_AXT2_200_2000362,16,4866048,1371689.7202148438,C0,0.47872557867917376,0.942130493294884,0.9530517653076447
q85,1.4107755422592163,file_brain_AXT2_200_2000362,16,4866048,1371689.7202148438,U1,0.47872557867917376,0.9181134356699153,0.9183865530195282
q85,1.4107755422592163,file_brain_AXT2_200_2000362,16,4866048,1371689.7202148438,U2a,0.47872557867917376,0.5481984045213628,0.6314286515820494
q85,1.4107755422592163,file_brain_AXT2_200_2000362,16,4866048,1371689.7202148438,U2b,0.47872557867917376,0.5687223763215417,0.6777508535658825
q85,1.4107755422592163,file_brain_AXT2_200_2000362,16,4866048,1371689.7202148438,B1,0.47872557867917376,0.7517584608660682,0.8247522495422274
q85,1.4107755422592163,file_brain_AXT2_200_2000362,16,4866048,1371689.7202148438,B2,0.47872557867917376,0.7598116547048289,0.83740859241549
q85,1.4107755422592163,file_brain_AXT2_200_2000362,16,4866048,1371689.7202148438,B3,0.47872557867917376,0.5102888974991072,0.5048789070496001
q85,1.4107755422592163,file_brain_AXT2_200_2000362,16,4866048,1371689.7202148438,B4,0.47872557867917376,0.8122047679051547,0.8363407358919472
q85,1.4107755422592163,file_brain_AXT2_200_2000362,16,4866048,1371689.7202148438,B5,0.47872557867917376,0.4787451737280621,0.4999696685668735
q85,1.4107755422592163,file_brain_AXT2_200_2000362,16,4866048,1371689.7202148438,B6,0.47872557867917376,0.6896521968680454,0.8027806243070214
q95,2.0520856380462646,file_brain_AXT2_200_2000362,16,4866048,1371689.7202148438,C0,0.1805122216344091,0.6582548039719117,0.9063841077374161
q95,2.0520856380462646,file_brain_AXT2_200_2000362,16,4866048,1371689.7202148438,U1,0.1805122216344091,0.5802362374835549,0.8600956713311164
q95,2.0520856380462646,file_brain_AXT2_200_2000362,16,4866048,1371689.7202148438,U2a,0.1805122216344091,0.1779716161975803,0.5278756538928254
q95,2.0520856380462646,file_brain_AXT2_200_2000362,16,4866048,1371689.7202148438,U2b,0.1805122216344091,0.16953507395653855,0.521040532628757
q95,2.0520856380462646,file_brain_AXT2_200_2000362,16,4866048,1371689.7202148438,B1,0.1805122216344091,0.36510605738754054,0.7701201677145363
q95,2.0520856380462646,file_brain_AXT2_200_2000362,16,4866048,1371689.7202148438,B2,0.1805122216344091,0.3714306459359887,0.7821348072654339
q95,2.0520856380462646,file_brain_AXT2_200_2000362,16,4866048,1371689.7202148438,B3,0.1805122216344091,0.22663835319037087,0.5512863517978399
q95,2.0520856380462646,file_brain_AXT2_200_2000362,16,4866048,1371689.7202148438,B4,0.1805122216344091,0.4006800544180194,0.7817306136257581
q95,2.0520856380462646,file_brain_AXT2_200_2000362,16,4866048,1371689.7202148438,B5,0.1805122216344091,0.1805442568630971,0.5000086237130724
q95,2.0520856380462646,file_brain_AXT2_200_2000362,16,4866048,1371689.7202148438,B6,0.1805122216344091,0.2718643441589082,0.7043491304295169
q85,1.4107755422592163,file_brain_AXT2_200_6001972,16,4866048,1424020.3322753906,C0,0.4021836625418331,0.7451020131186934,0.856461607678888
q85,1.4107755422592163,file_brain_AXT2_200_6001972,16,4866048,1424020.3322753906,U1,0.4021836625418331,0.6745106737020418,0.7546825915278351
q85,1.4107755422592163,file_brain_AXT2_200_6001972,16,4866048,1424020.3322753906,U2a,0.4021836625418331,0.46349371685920254,0.6338843133272184
q85,1.4107755422592163,file_brain_AXT2_200_6001972,16,4866048,1424020.3322753906,U2b,0.4021836625418331,0.5454386313987695,0.741280669461379
q85,1.4107755422592163,file_brain_AXT2_200_6001972,16,4866048,1424020.3322753906,B1,0.4021836625418331,0.5345265790199489,0.7188133057921159
q85,1.4107755422592163,file_brain_AXT2_200_6001972,16,4866048,1424020.3322753906,B2,0.4021836625418331,0.5302712032599086,0.7185408304712947
q85,1.4107755422592163,file_brain_AXT2_200_6001972,16,4866048,1424020.3322753906,B3,0.4021836625418331,0.4134839590598419,0.4815541847633169
q85,1.4107755422592163,file_brain_AXT2_200_6001972,16,4866048,1424020.3322753906,B4,0.4021836625418331,0.49325189938155334,0.673329497174542
q85,1.4107755422592163,file_brain_AXT2_200_6001972,16,4866048,1424020.3322753906,B5,0.4021836625418331,0.40523600073160226,0.5029673152106025
q85,1.4107755422592163,file_brain_AXT2_200_6001972,16,4866048,1424020.3322753906,B6,0.4021836625418331,0.6030848056596099,0.763141832891008
q95,2.0520856380462646,file_brain_AXT2_200_6001972,16,4866048,1424020.3322753906,C0,0.14699588287625742,0.36679707168043746,0.789667168160483
q95,2.0520856380462646,file_brain_AXT2_200_6001972,16,4866048,1424020.3322753906,U1,0.14699588287625742,0.367927868336283,0.7143202762245136
q95,2.0520856380462646,file_brain_AXT2_200_6001972,16,4866048,1424020.3322753906,U2a,0.14699588287625742,0.1591716667653759,0.5753669885513516
q95,2.0520856380462646,file_brain_AXT2_200_6001972,16,4866048,1424020.3322753906,U2b,0.14699588287625742,0.19021526897702176,0.6539342179769098
q95,2.0520856380462646,file_brain_AXT2_200_6001972,16,4866048,1424020.3322753906,B1,0.14699588287625742,0.2105271504157356,0.6765251481989898
q95,2.0520856380462646,file_brain_AXT2_200_6001972,16,4866048,1424020.3322753906,B2,0.14699588287625742,0.20803032768691399,0.6745613102617573
q95,2.0520856380462646,file_brain_AXT2_200_6001972,16,4866048,1424020.3322753906,B3,0.14699588287625742,0.15779418355320404,0.49058198284483784
q95,2.0520856380462646,file_brain_AXT2_200_6001972,16,4866048,1424020.3322753906,B4,0.14699588287625742,0.18001479094546508,0.6253018920273394
q95,2.0520856380462646,file_brain_AXT2_200_6001972,16,4866048,1424020.3322753906,B5,0.14699588287625742,0.15009124399888094,0.5038042649267511
q95,2.0520856380462646,file_brain_AXT2_200_6001972,16,4866048,1424020.3322753906,B6,0.14699588287625742,0.2439579226001598,0.7134152966567593
q85,1.4107755422592163,file_brain_AXT2_200_6002111,16,4866048,1237814.7913208008,C0,0.35942950952730446,0.8610257910327692,0.9165637468648882
q85,1.4107755422592163,file_brain_AXT2_200_6002111,16,4866048,1237814.7913208008,U1,0.35942950952730446,0.7273326152293638,0.8389880473756991
q85,1.4107755422592163,file_brain_AXT2_200_6002111,16,4866048,1237814.7913208008,U2a,0.35942950952730446,0.46671503240681267,0.6664298827983903
q85,1.4107755422592163,file_brain_AXT2_200_6002111,16,4866048,1237814.7913208008,U2b,0.35942950952730446,0.45342617355865766,0.7011247721612188
q85,1.4107755422592163,file_brain_AXT2_200_6002111,16,4866048,1237814.7913208008,B1,0.35942950952730446,0.6034077234040447,0.7859956836391851
q85,1.4107755422592163,file_brain_AXT2_200_6002111,16,4866048,1237814.7913208008,B2,0.35942950952730446,0.607892903830593,0.7922782037745567
q85,1.4107755422592163,file_brain_AXT2_200_6002111,16,4866048,1237814.7913208008,B3,0.35942950952730446,0.4258980063881345,0.5493089372562268
q85,1.4107755422592163,file_brain_AXT2_200_6002111,16,4866048,1237814.7913208008,B4,0.35942950952730446,0.587729057901307,0.7749605725118816
q85,1.4107755422592163,file_brain_AXT2_200_6002111,16,4866048,1237814.7913208008,B5,0.35942950952730446,0.35998626159255437,0.5008869854200367
q85,1.4107755422592163,file_brain_AXT2_200_6002111,16,4866048,1237814.7913208008,B6,0.35942950952730446,0.5562842816200521,0.7591300725272687
q95,2.0520856380462646,file_brain_AXT2_200_6002111,16,4866048,1237814.7913208008,C0,0.1190945782448422,0.6604257911126837,0.9249383932533541
q95,2.0520856380462646,file_brain_AXT2_200_6002111,16,4866048,1237814.7913208008,U1,0.1190945782448422,0.4684368305624473,0.8469961058663165
q95,2.0520856380462646,file_brain_AXT2_200_6002111,16,4866048,1237814.7913208008,U2a,0.1190945782448422,0.15616509903582382,0.6216583805378894
q95,2.0520856380462646,file_brain_AXT2_200_6002111,16,4866048,1237814.7913208008,U2b,0.1190945782448422,0.11717352655703259,0.5492697449395056
q95,2.0520856380462646,file_brain_AXT2_200_6002111,16,4866048,1237814.7913208008,B1,0.1190945782448422,0.29162205198370783,0.7777183056840424
q95,2.0520856380462646,file_brain_AXT2_200_6002111,16,4866048,1237814.7913208008,B2,0.1190945782448422,0.2947471060813208,0.7852533027397489
q95,2.0520856380462646,file_brain_AXT2_200_6002111,16,4866048,1237814.7913208008,B3,0.1190945782448422,0.1950030203372141,0.6131899493370129
q95,2.0520856380462646,file_brain_AXT2_200_6002111,16,4866048,1237814.7913208008,B4,0.1190945782448422,0.24712528486645435,0.7551292996739869
q95,2.0520856380462646,file_brain_AXT2_200_6002111,16,4866048,1237814.7913208008,B5,0.1190945782448422,0.11937934960026285,0.5008928470703812
q95,2.0520856380462646,file_brain_AXT2_200_6002111,16,4866048,1237814.7913208008,B6,0.1190945782448422,0.20028014749189374,0.7016596793245578
q85,1.4107755422592163,file_brain_AXT2_200_6002151,14,4257792,1070429.883972168,C0,0.5059447015018889,0.9405554118483714,0.9490010415408404
q85,1.4107755422592163,file_brain_AXT2_200_6002151,14,4257792,1070429.883972168,U1,0.5059447015018889,0.8938338274985196,0.8924170864055436
q85,1.4107755422592163,file_brain_AXT2_200_6002151,14,4257792,1070429.883972168,U2a,0.5059447015018889,0.6668187997440375,0.7353105844366579
q85,1.4107755422592163,file_brain_AXT2_200_6002151,14,4257792,1070429.883972168,U2b,0.5059447015018889,0.7512036016343274,0.8466794836682214
q85,1.4107755422592163,file_brain_AXT2_200_6002151,14,4257792,1070429.883972168,B1,0.5059447015018889,0.7960655461941548,0.8410256888424643
q85,1.4107755422592163,file_brain_AXT2_200_6002151,14,4257792,1070429.883972168,B2,0.5059447015018889,0.8005612749356003,0.8487023501110587
q85,1.4107755422592163,file_brain_AXT2_200_6002151,14,4257792,1070429.883972168,B3,0.5059447015018889,0.5646417853194616,0.5345052230947589
q85,1.4107755422592163,file_brain_AXT2_200_6002151,14,4257792,1070429.883972168,B4,0.5059447015018889,0.7830556324416036,0.8264219559259816
q85,1.4107755422592163,file_brain_AXT2_200_6002151,14,4257792,1070429.883972168,B5,0.5059447015018889,0.5070929764063618,0.5017067941548876
q85,1.4107755422592163,file_brain_AXT2_200_6002151,14,4257792,1070429.883972168,B6,0.5059447015018889,0.7905524342589766,0.8524814417479275
q95,2.0520856380462646,file_brain_AXT2_200_6002151,14,4257792,1070429.883972168,C0,0.15300283656692865,0.6715268608470236,0.9048174242753692
q95,2.0520856380462646,file_brain_AXT2_200_6002151,14,4257792,1070429.883972168,U1,0.15300283656692865,0.5811689177100708,0.8569477763859381
q95,2.0520856380462646,file_brain_AXT2_200_6002151,14,4257792,1070429.883972168,U2a,0.15300283656692865,0.20670409739033627,0.6411242371551409
q95,2.0520856380462646,file_brain_AXT2_200_6002151,14,4257792,1070429.883972168,U2b,0.15300283656692865,0.18841090794609383,0.658115598641933
q95,2.0520856380462646,file_brain_AXT2_200_6002151,14,4257792,1070429.883972168,B1,0.15300283656692865,0.37197003153459823,0.7953906161191618
q95,2.0520856380462646,file_brain_AXT2_200_6002151,14,4257792,1070429.883972168,B2,0.15300283656692865,0.37339547730952394,0.8019970167395457
q95,2.0520856380462646,file_brain_AXT2_200_6002151,14,4257792,1070429.883972168,B3,0.15300283656692865,0.2356707470127283,0.5675744466365016
q95,2.0520856380462646,file_brain_AXT2_200_6002151,14,4257792,1070429.883972168,B4,0.15300283656692865,0.3086002305417643,0.7583232615912365
q95,2.0520856380462646,file_brain_AXT2_200_6002151,14,4257792,1070429.883972168,B5,0.15300283656692865,0.15417819497019095,0.5020317726616321
q95,2.0520856380462646,file_brain_AXT2_200_6002151,14,4257792,1070429.883972168,B6,0.15300283656692865,0.2961495063346383,0.7691710448703838
q85,1.4107755422592163,file_brain_AXT2_200_6002242,16,4866048,1352257.782836914,C0,0.5071691601974008,0.9140313441137298,0.9272132937315314
q85,1.4107755422592163,file_brain_AXT2_200_6002242,16,4866048,1352257.782836914,U1,0.5071691601974008,0.8497913444993626,0.8445828367731235
q85,1.4107755422592163,file_brain_AXT2_200_6002242,16,4866048,1352257.782836914,U2a,0.5071691601974008,0.6319957491860472,0.6991733872540591
q85,1.4107755422592163,file_brain_AXT2_200_6002242,16,4866048,1352257.782836914,U2b,0.5071691601974008,0.7140451246060678,0.8149195762859621
q85,1.4107755422592163,file_brain_AXT2_200_6002242,16,4866048,1352257.782836914,B1,0.5071691601974008,0.7182988881433101,0.8064144664472561
q85,1.4107755422592163,file_brain_AXT2_200_6002242,16,4866048,1352257.782836914,B2,0.5071691601974008,0.7189567203208832,0.8112644033343881
q85,1.4107755422592163,file_brain_AXT2_200_6002242,16,4866048,1352257.782836914,B3,0.5071691601974008,0.49617679176724927,0.4185337006256184
q85,1.4107755422592163,file_brain_AXT2_200_6002242,16,4866048,1352257.782836914,B4,0.5071691601974008,0.7201056873775189,0.7872609116671676
q85,1.4107755422592163,file_brain_AXT2_200_6002242,16,4866048,1352257.782836914,B5,0.5071691601974008,0.508375236627142,0.5015618055889086
q85,1.4107755422592163,file_brain_AXT2_200_6002242,16,4866048,1352257.782836914,B6,0.5071691601974008,0.7616913828066186,0.8313317127924063
q95,2.0520856380462646,file_brain_AXT2_200_6002242,16,4866048,1352257.782836914,C0,0.1619825668949359,0.5583351863012957,0.8749169332221398
q95,2.0520856380462646,file_brain_AXT2_200_6002242,16,4866048,1352257.782836914,U1,0.1619825668949359,0.48189015406710056,0.8188756415252477
q95,2.0520856380462646,file_brain_AXT2_200_6002242,16,4866048,1352257.782836914,U2a,0.1619825668949359,0.2043417775336285,0.6212686226783808
q95,2.0520856380462646,file_brain_AXT2_200_6002242,16,4866048,1352257.782836914,U2b,0.1619825668949359,0.18339255094494844,0.6086125654119845
q95,2.0520856380462646,file_brain_AXT2_200_6002242,16,4866048,1352257.782836914,B1,0.1619825668949359,0.3154994947683937,0.7646817100256104
q95,2.0520856380462646,file_brain_AXT2_200_6002242,16,4866048,1352257.782836914,B2,0.1619825668949359,0.31836513960360335,0.7725468330073341
q95,2.0520856380462646,file_brain_AXT2_200_6002242,16,4866048,1352257.782836914,B3,0.1619825668949359,0.2218761116424326,0.5410080333977406
q95,2.0520856380462646,file_brain_AXT2_200_6002242,16,4866048,1352257.782836914,B4,0.1619825668949359,0.29138422964678395,0.732004940932217
q95,2.0520856380462646,file_brain_AXT2_200_6002242,16,4866048,1352257.782836914,B5,0.1619825668949359,0.16286316880927373,0.5016830523672661
q95,2.0520856380462646,file_brain_AXT2_200_6002242,16,4866048,1352257.782836914,B6,0.1619825668949359,0.2690618462049166,0.7289543896173369
q85,1.4107755422592163,file_brain_AXT2_200_6002524,16,4866048,1313568.400817871,C0,0.4388406158801551,0.8477789356771487,0.8959607214559768
q85,1.4107755422592163,file_brain_AXT2_200_6002524,16,4866048,1313568.400817871,U1,0.4388406158801551,0.7401439019434453,0.7979422701387707
q85,1.4107755422592163,file_brain_AXT2_200_6002524,16,4866048,1313568.400817871,U2a,0.4388406158801551,0.5518193577419208,0.6826442613756273
q85,1.4107755422592163,file_brain_AXT2_200_6002524,16,4866048,1313568.400817871,U2b,0.4388406158801551,0.6004355078857566,0.7686983273895361
q85,1.4107755422592163,file_brain_AXT2_200_6002524,16,4866048,1313568.400817871,B1,0.4388406158801551,0.6223673119295684,0.7586067007322851
q85,1.4107755422592163,file_brain_AXT2_200_6002524,16,4866048,1313568.400817871,B2,0.4388406158801551,0.613669814264527,0.7613112345942461
q85,1.4107755422592163,file_brain_AXT2_200_6002524,16,4866048,1313568.400817871,B3,0.4388406158801551,0.5090668989626528,0.5450946913522497
q85,1.4107755422592163,file_brain_AXT2_200_6002524,16,4866048,1313568.400817871,B4,0.4388406158801551,0.6241184942213499,0.749435762969208
q85,1.4107755422592163,file_brain_AXT2_200_6002524,16,4866048,1313568.400817871,B5,0.4388406158801551,0.4402670880063421,0.5017595236121624
q85,1.4107755422592163,file_brain_AXT2_200_6002524,16,4866048,1313568.400817871,B6,0.4388406158801551,0.6461568668824065,0.7853234952518224
q95,2.0520856380462646,file_brain_AXT2_200_6002524,16,4866048,1313568.400817871,C0,0.13005414192675557,0.5208541304052791,0.8596056587239702
q95,2.0520856380462646,file_brain_AXT2_200_6002524,16,4866048,1313568.400817871,U1,0.13005414192675557,0.3167162555874657,0.7696325113728294
q95,2.0520856380462646,file_brain_AXT2_200_6002524,16,4866048,1313568.400817871,U2a,0.13005414192675557,0.14472137402893162,0.5881948330813743
q95,2.0520856380462646,file_brain_AXT2_200_6002524,16,4866048,1313568.400817871,U2b,0.13005414192675557,0.14267006944218918,0.5980780339568589
q95,2.0520856380462646,file_brain_AXT2_200_6002524,16,4866048,1313568.400817871,B1,0.13005414192675557,0.22930632008091942,0.71910437508735
q95,2.0520856380462646,file_brain_AXT2_200_6002524,16,4866048,1313568.400817871,B2,0.13005414192675557,0.223817285667169,0.7219076756115803
q95,2.0520856380462646,file_brain_AXT2_200_6002524,16,4866048,1313568.400817871,B3,0.13005414192675557,0.18805470483457024,0.5787370736082842
q95,2.0520856380462646,file_brain_AXT2_200_6002524,16,4866048,1313568.400817871,B4,0.13005414192675557,0.20236465223452935,0.6853626473554091
q95,2.0520856380462646,file_brain_AXT2_200_6002524,16,4866048,1313568.400817871,B5,0.13005414192675557,0.13144202359609597,0.5024566000400654
q95,2.0520856380462646,file_brain_AXT2_200_6002524,16,4866048,1313568.400817871,B6,0.13005414192675557,0.19502962247667174,0.6943486271338792
q85,1.4107755422592163,file_brain_AXT2_201_2010625,16,4866048,1526531.1844482422,C0,0.582817065725882,0.9727030953539141,0.9669302461420937
q85,1.4107755422592163,file_brain_AXT2_201_2010625,16,4866048,1526531.1844482422,U1,0.582817065725882,0.9295955783995765,0.9199569310485375
q85,1.4107755422592163,file_brain_AXT2_201_2010625,16,4866048,1526531.1844482422,U2a,0.582817065725882,0.6025650956287513,0.5959101011560494
q85,1.4107755422592163,file_brain_AXT2_201_2010625,16,4866048,1526531.1844482422,U2b,0.582817065725882,0.7794991607012044,0.7772813585766644
q85,1.4107755422592163,file_brain_AXT2_201_2010625,16,4866048,1526531.1844482422,B1,0.582817065725882,0.8772600013082281,0.8854990802945794
q85,1.4107755422592163,file_brain_AXT2_201_2010625,16,4866048,1526531.1844482422,B2,0.582817065725882,0.8784961711104315,0.8901817521051574
q85,1.4107755422592163,file_brain_AXT2_201_2010625,16,4866048,1526531.1844482422,B3,0.582817065725882,0.6121569302758806,0.4490480959398756
q85,1.4107755422592163,file_brain_AXT2_201_2010625,16,4866048,1526531.1844482422,B4,0.582817065725882,0.8655247041762207,0.8441996616338546
q85,1.4107755422592163,file_brain_AXT2_201_2010625,16,4866048,1526531.1844482422,B5,0.582817065725882,0.5836801186913037,0.5013326967459731
q85,1.4107755422592163,file_brain_AXT2_201_2010625,16,4866048,1526531.1844482422,B6,0.582817065725882,0.8605332505855396,0.8903797262838418
q95,2.0520856380462646,file_brain_AXT2_201_2010625,16,4866048,1526531.1844482422,C0,0.220814020196256,0.6745465465322121,0.9034533885286388
q95,2.0520856380462646,file_brain_AXT2_201_2010625,16,4866048,1526531.1844482422,U1,0.220814020196256,0.5371840556144712,0.8465951514091486
q95,2.0520856380462646,file_brain_AXT2_201_2010625,16,4866048,1526531.1844482422,U2a,0.220814020196256,0.20719527967427254,0.5019412947736726
q95,2.0520856380462646,file_brain_AXT2_201_2010625,16,4866048,1526531.1844482422,U2b,0.220814020196256,0.20642821873212214,0.5120204482529993
q95,2.0520856380462646,file_brain_AXT2_201_2010625,16,4866048,1526531.1844482422,B1,0.220814020196256,0.36409963704735265,0.7336632129253038
q95,2.0520856380462646,file_brain_AXT2_201_2010625,16,4866048,1526531.1844482422,B2,0.220814020196256,0.35809322226224394,0.7301850901768377
q95,2.0520856380462646,file_brain_AXT2_201_2010625,16,4866048,1526531.1844482422,B3,0.220814020196256,0.279152005508667,0.5240310699624524
q95,2.0520856380462646,file_brain_AXT2_201_2010625,16,4866048,1526531.1844482422,B4,0.220814020196256,0.44303810663901333,0.7648727328651324
q95,2.0520856380462646,file_brain_AXT2_201_2010625,16,4866048,1526531.1844482422,B5,0.220814020196256,0.2211859188712594,0.5007516402928095
q95,2.0520856380462646,file_brain_AXT2_201_2010625,16,4866048,1526531.1844482422,B6,0.220814020196256,0.33860635166820996,0.727626252653717
q85,1.4107755422592163,file_brain_AXT2_202_2020189,16,3276800,832246.7815551758,C0,0.5062202843311892,0.9059675365149833,0.9171291731820609
q85,1.4107755422592163,file_brain_AXT2_202_2020189,16,3276800,832246.7815551758,U1,0.5062202843311892,0.8614949232894401,0.8689318475627862
q85,1.4107755422592163,file_brain_AXT2_202_2020189,16,3276800,832246.7815551758,U2a,0.5062202843311892,0.6602889437241528,0.7331494196340153
q85,1.4107755422592163,file_brain_AXT2_202_2020189,16,3276800,832246.7815551758,U2b,0.5062202843311892,0.6956855713302242,0.8039541518818948
q85,1.4107755422592163,file_brain_AXT2_202_2020189,16,3276800,832246.7815551758,B1,0.5062202843311892,0.7460095274695249,0.8319925900605488
q85,1.4107755422592163,file_brain_AXT2_202_2020189,16,3276800,832246.7815551758,B2,0.5062202843311892,0.7501848993699574,0.8398170610522566
q85,1.4107755422592163,file_brain_AXT2_202_2020189,16,3276800,832246.7815551758,B3,0.5062202843311892,0.4865999458245211,0.40686539114406095
q85,1.4107755422592163,file_brain_AXT2_202_2020189,16,3276800,832246.7815551758,B4,0.5062202843311892,0.7546488424449094,0.8171429402571986
q85,1.4107755422592163,file_brain_AXT2_202_2020189,16,3276800,832246.7815551758,B5,0.5062202843311892,0.5068065209192735,0.5006485806839508
q85,1.4107755422592163,file_brain_AXT2_202_2020189,16,3276800,832246.7815551758,B6,0.5062202843311892,0.7441724713027853,0.8241204376369032
q95,2.0520856380462646,file_brain_AXT2_202_2020189,16,3276800,832246.7815551758,C0,0.16617370040809373,0.5998011435194176,0.8830379409725706
q95,2.0520856380462646,file_brain_AXT2_202_2020189,16,3276800,832246.7815551758,U1,0.16617370040809373,0.5160954154733728,0.8483699267397498
q95,2.0520856380462646,file_brain_AXT2_202_2020189,16,3276800,832246.7815551758,U2a,0.16617370040809373,0.19924950123633683,0.6138897685780889
q95,2.0520856380462646,file_brain_AXT2_202_2020189,16,3276800,832246.7815551758,U2b,0.16617370040809373,0.17267800553278256,0.5828115620040781
q95,2.0520856380462646,file_brain_AXT2_202_2020189,16,3276800,832246.7815551758,B1,0.16617370040809373,0.3293592768684381,0.7762882476903891
q95,2.0520856380462646,file_brain_AXT2_202_2020189,16,3276800,832246.7815551758,B2,0.16617370040809373,0.3383716304926424,0.7862107176751394
q95,2.0520856380462646,file_brain_AXT2_202_2020189,16,3276800,832246.7815551758,B3,0.16617370040809373,0.2001648834541761,0.5189353035773102
q95,2.0520856380462646,file_brain_AXT2_202_2020189,16,3276800,832246.7815551758,B4,0.16617370040809373,0.2870373524107571,0.7319960021032657
q95,2.0520856380462646,file_brain_AXT2_202_2020189,16,3276800,832246.7815551758,B5,0.16617370040809373,0.16608733661228473,0.4993774068996263
q95,2.0520856380462646,file_brain_AXT2_202_2020189,16,3276800,832246.7815551758,B6,0.16617370040809373,0.29324192739916227,0.7428818001169735
q85,1.4107755422592163,file_brain_AXT2_203_2030254,16,4816896,1222822.4818725586,C0,0.5104190149692848,0.929281629021425,0.9398368351827608
q85,1.4107755422592163,file_brain_AXT2_203_2030254,16,4816896,1222822.4818725586,U1,0.5104190149692848,0.8294506154996208,0.8646273098149826
q85,1.4107755422592163,file_brain_AXT2_203_2030254,16,4816896,1222822.4818725586,U2a,0.5104190149692848,0.6397369313887588,0.7141343915862998
q85,1.4107755422592163,file_brain_AXT2_203_2030254,16,4816896,1222822.4818725586,U2b,0.5104190149692848,0.7617427268866044,0.8475871953033312
q85,1.4107755422592163,file_brain_AXT2_203_2030254,16,4816896,1222822.4818725586,B1,0.5104190149692848,0.8171953176044316,0.8627255278635626
q85,1.4107755422592163,file_brain_AXT2_203_2030254,16,4816896,1222822.4818725586,B2,0.5104190149692848,0.818946227439331,0.8673876809670854
q85,1.4107755422592163,file_brain_AXT2_203_2030254,16,4816896,1222822.4818725586,B3,0.5104190149692848,0.6168080117810537,0.5898061573563822
q85,1.4107755422592163,file_brain_AXT2_203_2030254,16,4816896,1222822.4818725586,B4,0.5104190149692848,0.7763184548629628,0.8257168238703702
q85,1.4107755422592163,file_brain_AXT2_203_2030254,16,4816896,1222822.4818725586,B5,0.5104190149692848,0.5116270591524669,0.5016275238662231
q85,1.4107755422592163,file_brain_AXT2_203_2030254,16,4816896,1222822.4818725586,B6,0.5104190149692848,0.8032920569517232,0.8643011212134778
q95,2.0520856380462646,file_brain_AXT2_203_2030254,16,4816896,1222822.4818725586,C0,0.16256769088974896,0.635736874861862,0.8916640288407148
q95,2.0520856380462646,file_brain_AXT2_203_2030254,16,4816896,1222822.4818725586,U1,0.16256769088974896,0.4155504295115634,0.8092292963003356
q95,2.0520856380462646,file_brain_AXT2_203_2030254,16,4816896,1222822.4818725586,U2a,0.16256769088974896,0.18355466496428474,0.5960405339035899
q95,2.0520856380462646,file_brain_AXT2_203_2030254,16,4816896,1222822.4818725586,U2b,0.16256769088974896,0.17800344540068086,0.6018291707147372
q95,2.0520856380462646,file_brain_AXT2_203_2030254,16,4816896,1222822.4818725586,B1,0.16256769088974896,0.36385701326744,0.7796076828752558
q95,2.0520856380462646,file_brain_AXT2_203_2030254,16,4816896,1222822.4818725586,B2,0.16256769088974896,0.36732338935671066,0.7882014961558853
q95,2.0520856380462646,file_brain_AXT2_203_2030254,16,4816896,1222822.4818725586,B3,0.16256769088974896,0.2740781704358517,0.6300474086180603
q95,2.0520856380462646,file_brain_AXT2_203_2030254,16,4816896,1222822.4818725586,B4,0.16256769088974896,0.31093309562857757,0.7474005792214631
q95,2.0520856380462646,file_brain_AXT2_203_2030254,16,4816896,1222822.4818725586,B5,0.16256769088974896,0.16255520756625855,0.49998649509204646
q95,2.0520856380462646,file_brain_AXT2_203_2030254,16,4816896,1222822.4818725586,B6,0.16256769088974896,0.2923893774346232,0.7413118827545331
q85,1.4107755422592163,file_brain_AXT2_203_2030256,16,4816896,1253322.819946289,C0,0.5070196884553315,0.9340153388017477,0.9416374552114596
q85,1.4107755422592163,file_brain_AXT2_203_2030256,16,4816896,1253322.819946289,U1,0.5070196884553315,0.8680668211705675,0.8732739053337277
q85,1.4107755422592163,file_brain_AXT2_203_2030256,16,4816896,1253322.819946289,U2a,0.5070196884553315,0.6075455719092332,0.6871156233690667
q85,1.4107755422592163,file_brain_AXT2_203_2030256,16,4816896,1253322.819946289,U2b,0.5070196884553315,0.6765519211901545,0.7927699880902624
q85,1.4107755422592163,file_brain_AXT2_203_2030256,16,4816896,1253322.819946289,B1,0.5070196884553315,0.7821592204465229,0.8365767606832479
q85,1.4107755422592163,file_brain_AXT2_203_2030256,16,4816896,1253322.819946289,B2,0.5070196884553315,0.7831623809546899,0.8398841865305109
q85,1.4107755422592163,file_brain_AXT2_203_2030256,16,4816896,1253322.819946289,B3,0.5070196884553315,0.648482145974923,0.6183443413629822
q85,1.4107755422592163,file_brain_AXT2_203_2030256,16,4816896,1253322.819946289,B4,0.5070196884553315,0.7351848142674393,0.7980591323941933
q85,1.4107755422592163,file_brain_AXT2_203_2030256,16,4816896,1253322.819946289,B5,0.5070196884553315,0.5085581953599937,0.5019794594938616
q85,1.4107755422592163,file_brain_AXT2_203_2030256,16,4816896,1253322.819946289,B6,0.5070196884553315,0.7611649185368932,0.8333440148118665
q95,2.0520856380462646,file_brain_AXT2_203_2030256,16,4816896,1253322.819946289,C0,0.17501206415353654,0.6048892303853514,0.8794601419805258
q95,2.0520856380462646,file_brain_AXT2_203_2030256,16,4816896,1253322.819946289,U1,0.17501206415353654,0.5182518416030231,0.8173046615662689
q95,2.0520856380462646,file_brain_AXT2_203_2030256,16,4816896,1253322.819946289,U2a,0.17501206415353654,0.18631460296284155,0.5778556833629074
q95,2.0520856380462646,file_brain_AXT2_203_2030256,16,4816896,1253322.819946289,U2b,0.17501206415353654,0.1813810796665856,0.5842698064776168
q95,2.0520856380462646,file_brain_AXT2_203_2030256,16,4816896,1253322.819946289,B1,0.17501206415353654,0.3460210570731489,0.7525217195992675
q95,2.0520856380462646,file_brain_AXT2_203_2030256,16,4816896,1253322.819946289,B2,0.17501206415353654,0.3493581819289413,0.7576579691048999
q95,2.0520856380462646,file_brain_AXT2_203_2030256,16,4816896,1253322.819946289,B3,0.17501206415353654,0.28754734193789405,0.6249555976413209
q95,2.0520856380462646,file_brain_AXT2_203_2030256,16,4816896,1253322.819946289,B4,0.17501206415353654,0.2873894380408514,0.7118263817088426
q95,2.0520856380462646,file_brain_AXT2_203_2030256,16,4816896,1253322.819946289,B5,0.17501206415353654,0.17494217448150615,0.49970058547493884
q95,2.0520856380462646,file_brain_AXT2_203_2030256,16,4816896,1253322.819946289,B6,0.17501206415353654,0.26793291848578227,0.7047599406812903
q85,1.4107755422592163,file_brain_AXT2_203_2030354,16,4816896,1298233.7135009766,C0,0.47628538459597497,0.9146381391655005,0.9305353722867029
q85,1.4107755422592163,file_brain_AXT2_203_2030354,16,4816896,1298233.7135009766,U1,0.47628538459597497,0.8418550337034473,0.8503237472418714
q85,1.4107755422592163,file_brain_AXT2_203_2030354,16,4816896,1298233.7135009766,U2a,0.47628538459597497,0.5631289854697387,0.6620053085471996
q85,1.4107755422592163,file_brain_AXT2_203_2030354,16,4816896,1298233.7135009766,U2b,0.47628538459597497,0.6184645040609511,0.7603257185610518
q85,1.4107755422592163,file_brain_AXT2_203_2030354,16,4816896,1298233.7135009766,B1,0.47628538459597497,0.7740959036786776,0.836013824347803
q85,1.4107755422592163,file_brain_AXT2_203_2030354,16,4816896,1298233.7135009766,B2,0.47628538459597497,0.7797730495707164,0.8425655719977498
q85,1.4107755422592163,file_brain_AXT2_203_2030354,16,4816896,1298233.7135009766,B3,0.47628538459597497,0.5910775612764647,0.5707153249868866
q85,1.4107755422592163,file_brain_AXT2_203_2030354,16,4816896,1298233.7135009766,B4,0.47628538459597497,0.7282411802098248,0.7970437729484913
q85,1.4107755422592163,file_brain_AXT2_203_2030354,16,4816896,1298233.7135009766,B5,0.47628538459597497,0.4768481800085769,0.5007351116618736
q85,1.4107755422592163,file_brain_AXT2_203_2030354,16,4816896,1298233.7135009766,B6,0.47628538459597497,0.7528679673636988,0.8317455352975738
q95,2.0520856380462646,file_brain_AXT2_203_2030354,16,4816896,1298233.7135009766,C0,0.1428560877958815,0.49266657784753454,0.8703855757094451
q95,2.0520856380462646,file_brain_AXT2_203_2030354,16,4816896,1298233.7135009766,U1,0.1428560877958815,0.40475040384592853,0.7873965178918659
q95,2.0520856380462646,file_brain_AXT2_203_2030354,16,4816896,1298233.7135009766,U2a,0.1428560877958815,0.15419492511096136,0.5747157873582847
q95,2.0520856380462646,file_brain_AXT2_203_2030354,16,4816896,1298233.7135009766,U2b,0.1428560877958815,0.15041587034077308,0.5870843521585438
q95,2.0520856380462646,file_brain_AXT2_203_2030354,16,4816896,1298233.7135009766,B1,0.1428560877958815,0.2914660443052944,0.7534770343771371
q95,2.0520856380462646,file_brain_AXT2_203_2030354,16,4816896,1298233.7135009766,B2,0.1428560877958815,0.2938850685401528,0.7613911371275791
q95,2.0520856380462646,file_brain_AXT2_203_2030354,16,4816896,1298233.7135009766,B3,0.1428560877958815,0.24735239714591387,0.6136182855517335
q95,2.0520856380462646,file_brain_AXT2_203_2030354,16,4816896,1298233.7135009766,B4,0.1428560877958815,0.2605014238077252,0.7212782133871292
q95,2.0520856380462646,file_brain_AXT2_203_2030354,16,4816896,1298233.7135009766,B5,0.1428560877958815,0.1430470151610386,0.5003175295080828
q95,2.0520856380462646,file_brain_AXT2_203_2030354,16,4816896,1298233.7135009766,B6,0.1428560877958815,0.24690182841794914,0.7256898672088172
q85,1.4107755422592163,file_brain_AXT2_205_6000022,14,2867200,723386.7183227539,C0,0.5398847745605787,0.9370929183086891,0.9428005305611724
q85,1.4107755422592163,file_brain_AXT2_205_6000022,14,2867200,723386.7183227539,U1,0.5398847745605787,0.8529682511842045,0.8227887455211035
q85,1.4107755422592163,file_brain_AXT2_205_6000022,14,2867200,723386.7183227539,U2a,0.5398847745605787,0.7169799520884963,0.7742215500137942
q85,1.4107755422592163,file_brain_AXT2_205_6000022,14,2867200,723386.7183227539,U2b,0.5398847745605787,0.801798048357077,0.861952503154685
q85,1.4107755422592163,file_brain_AXT2_205_6000022,14,2867200,723386.7183227539,B1,0.5398847745605787,0.8396275131932212,0.8688759995265891
q85,1.4107755422592163,file_brain_AXT2_205_6000022,14,2867200,723386.7183227539,B2,0.5398847745605787,0.8423496521173712,0.8763698954500546
q85,1.4107755422592163,file_brain_AXT2_205_6000022,14,2867200,723386.7183227539,B3,0.5398847745605787,0.5468338385376534,0.45024789355422173
q85,1.4107755422592163,file_brain_AXT2_205_6000022,14,2867200,723386.7183227539,B4,0.5398847745605787,0.8063189931019581,0.8421730681745536
q85,1.4107755422592163,file_brain_AXT2_205_6000022,14,2867200,723386.7183227539,B5,0.5398847745605787,0.541199421850822,0.5014676110416151
q85,1.4107755422592163,file_brain_AXT2_205_6000022,14,2867200,723386.7183227539,B6,0.5398847745605787,0.8324567050246466,0.8735744335198656
q95,2.0520856380462646,file_brain_AXT2_205_6000022,14,2867200,723386.7183227539,C0,0.16045336277681255,0.4408029819535073,0.8452096979553518
q95,2.0520856380462646,file_brain_AXT2_205_6000022,14,2867200,723386.7183227539,U1,0.16045336277681255,0.35392288048161546,0.7886627835085779
q95,2.0520856380462646,file_brain_AXT2_205_6000022,14,2867200,723386.7183227539,U2a,0.16045336277681255,0.17333578259641025,0.5894565444789105
q95,2.0520856380462646,file_brain_AXT2_205_6000022,14,2867200,723386.7183227539,U2b,0.16045336277681255,0.20060757448010702,0.6517783176453472
q95,2.0520856380462646,file_brain_AXT2_205_6000022,14,2867200,723386.7183227539,B1,0.16045336277681255,0.29383991356983596,0.7484682471664942
q95,2.0520856380462646,file_brain_AXT2_205_6000022,14,2867200,723386.7183227539,B2,0.16045336277681255,0.29794237282868674,0.7551378036600604
q95,2.0520856380462646,file_brain_AXT2_205_6000022,14,2867200,723386.7183227539,B3,0.16045336277681255,0.189494398145984,0.5347604118298757
q95,2.0520856380462646,file_brain_AXT2_205_6000022,14,2867200,723386.7183227539,B4,0.16045336277681255,0.2612051684541283,0.7189038542733575
q95,2.0520856380462646,file_brain_AXT2_205_6000022,14,2867200,723386.7183227539,B5,0.16045336277681255,0.16138909178474345,0.5014877815260663
q95,2.0520856380462646,file_brain_AXT2_205_6000022,14,2867200,723386.7183227539,B6,0.16045336277681255,0.2637288101167656,0.7219729140943065
q85,1.4107755422592163,file_brain_AXT2_207_2070039,16,3276800,955408.600769043,C0,0.4403318742626423,0.9159778122261235,0.9301657688702027
q85,1.4107755422592163,file_brain_AXT2_207_2070039,16,3276800,955408.600769043,U1,0.4403318742626423,0.7872961958439392,0.8246425795215291
q85,1.4107755422592163,file_brain_AXT2_207_2070039,16,3276800,955408.600769043,U2a,0.4403318742626423,0.45029267934179595,0.5688974953181963
q85,1.4107755422592163,file_brain_AXT2_207_2070039,16,3276800,955408.600769043,U2b,0.4403318742626423,0.44046794814521206,0.5746932216818408
q85,1.4107755422592163,file_brain_AXT2_207_2070039,16,3276800,955408.600769043,B1,0.4403318742626423,0.6042244909057028,0.6977893668641408
q85,1.4107755422592163,file_brain_AXT2_207_2070039,16,3276800,955408.600769043,B2,0.4403318742626423,0.6098566080119392,0.7070440220287388
q85,1.4107755422592163,file_brain_AXT2_207_2070039,16,3276800,955408.600769043,B3,0.4403318742626423,0.5447508955096481,0.5943458692230067
q85,1.4107755422592163,file_brain_AXT2_207_2070039,16,3276800,955408.600769043,B4,0.4403318742626423,0.6825076280127457,0.7834051205505315
q85,1.4107755422592163,file_brain_AXT2_207_2070039,16,3276800,955408.600769043,B5,0.4403318742626423,0.4400127232238926,0.4990332591266837
q85,1.4107755422592163,file_brain_AXT2_207_2070039,16,3276800,955408.600769043,B6,0.4403318742626423,0.5705109267394892,0.691042472152199
q95,2.0520856380462646,file_brain_AXT2_207_2070039,16,3276800,955408.600769043,C0,0.16786611390645845,0.7665498924139872,0.9567455223513113
q95,2.0520856380462646,file_brain_AXT2_207_2070039,16,3276800,955408.600769043,U1,0.16786611390645845,0.5689444260577902,0.8803597021883456
q95,2.0520856380462646,file_brain_AXT2_207_2070039,16,3276800,955408.600769043,U2a,0.16786611390645845,0.14541664999268192,0.47163566496867604
q95,2.0520856380462646,file_brain_AXT2_207_2070039,16,3276800,955408.600769043,U2b,0.16786611390645845,0.13164656312683895,0.40007017740343154
q95,2.0520856380462646,file_brain_AXT2_207_2070039,16,3276800,955408.600769043,B1,0.16786611390645845,0.2731714679703898,0.6356662170495612
q95,2.0520856380462646,file_brain_AXT2_207_2070039,16,3276800,955408.600769043,B2,0.16786611390645845,0.27770479461282704,0.6437853033600431
q95,2.0520856380462646,file_brain_AXT2_207_2070039,16,3276800,955408.600769043,B3,0.16786611390645845,0.2758349150813768,0.6480011294070501
q95,2.0520856380462646,file_brain_AXT2_207_2070039,16,3276800,955408.600769043,B4,0.16786611390645845,0.33838409219672405,0.765053212209294
q95,2.0520856380462646,file_brain_AXT2_207_2070039,16,3276800,955408.600769043,B5,0.16786611390645845,0.1677248733721986,0.4989232899666836
q95,2.0520856380462646,file_brain_AXT2_207_2070039,16,3276800,955408.600769043,B6,0.16786611390645845,0.21684094688895714,0.5998624164682473
q85,1.4107755422592163,file_brain_AXT2_207_2070054,16,3276800,899789.96484375,C0,0.4335898276266999,0.9518481069691747,0.9647784737092375
q85,1.4107755422592163,file_brain_AXT2_207_2070054,16,3276800,899789.96484375,U1,0.4335898276266999,0.8448401546033335,0.8701080532410036
q85,1.4107755422592163,file_brain_AXT2_207_2070054,16,3276800,899789.96484375,U2a,0.4335898276266999,0.44773451448744633,0.5670520801806231
q85,1.4107755422592163,file_brain_AXT2_207_2070054,16,3276800,899789.96484375,U2b,0.4335898276266999,0.4464737114232301,0.5925851013453375
q85,1.4107755422592163,file_brain_AXT2_207_2070054,16,3276800,899789.96484375,B1,0.4335898276266999,0.6958902053853505,0.794119638708366
q85,1.4107755422592163,file_brain_AXT2_207_2070054,16,3276800,899789.96484375,B2,0.4335898276266999,0.7073048669859123,0.8088747165756471
q85,1.4107755422592163,file_brain_AXT2_207_2070054,16,3276800,899789.96484375,B3,0.4335898276266999,0.5137528518252816,0.57118347401983
q85,1.4107755422592163,file_brain_AXT2_207_2070054,16,3276800,899789.96484375,B4,0.4335898276266999,0.8077973262239709,0.8473308185220122
q85,1.4107755422592163,file_brain_AXT2_207_2070054,16,3276800,899789.96484375,B5,0.4335898276266999,0.4339312704844434,0.500604822548272
q85,1.4107755422592163,file_brain_AXT2_207_2070054,16,3276800,899789.96484375,B6,0.4335898276266999,0.5972202371334776,0.7594842452374143
q95,2.0520856380462646,file_brain_AXT2_207_2070054,16,3276800,899789.96484375,C0,0.19924788540386407,0.7449961637744804,0.942423398373221
q95,2.0520856380462646,file_brain_AXT2_207_2070054,16,3276800,899789.96484375,U1,0.19924788540386407,0.589829529723188,0.8666632691348257
q95,2.0520856380462646,file_brain_AXT2_207_2070054,16,3276800,899789.96484375,U2a,0.19924788540386407,0.1708328457597404,0.46808629720251194
q95,2.0520856380462646,file_brain_AXT2_207_2070054,16,3276800,899789.96484375,U2b,0.19924788540386407,0.16943727259877722,0.4674751400895061
q95,2.0520856380462646,file_brain_AXT2_207_2070054,16,3276800,899789.96484375,B1,0.19924788540386407,0.3882479440550114,0.7438502222085039
q95,2.0520856380462646,file_brain_AXT2_207_2070054,16,3276800,899789.96484375,B2,0.19924788540386407,0.39907595746136443,0.7605850444544002
q95,2.0520856380462646,file_brain_AXT2_207_2070054,16,3276800,899789.96484375,B3,0.19924788540386407,0.26770481180834954,0.5885463755062271
q95,2.0520856380462646,file_brain_AXT2_207_2070054,16,3276800,899789.96484375,B4,0.19924788540386407,0.4935798714541985,0.8140815087355155
q95,2.0520856380462646,file_brain_AXT2_207_2070054,16,3276800,899789.96484375,B5,0.19924788540386407,0.1991558907199432,0.4996201095682147
q95,2.0520856380462646,file_brain_AXT2_207_2070054,16,3276800,899789.96484375,B6,0.19924788540386407,0.27498755989039014,0.6874244851059523
q85,1.4107755422592163,file_brain_AXT2_207_2070194,16,3276800,832136.7465820312,C0,0.43509221334017745,0.9527499467044932,0.96037395917724
q85,1.4107755422592163,file_brain_AXT2_207_2070194,16,3276800,832136.7465820312,U1,0.43509221334017745,0.8619994107734227,0.8695634254678515
q85,1.4107755422592163,file_brain_AXT2_207_2070194,16,3276800,832136.7465820312,U2a,0.43509221334017745,0.5444418299859377,0.6740104933868659
q85,1.4107755422592163,file_brain_AXT2_207_2070194,16,3276800,832136.7465820312,U2b,0.43509221334017745,0.5687171736014496,0.7511240687820745
q85,1.4107755422592163,file_brain_AXT2_207_2070194,16,3276800,832136.7465820312,B1,0.43509221334017745,0.7371249001016016,0.8360206076966715
q85,1.4107755422592163,file_brain_AXT2_207_2070194,16,3276800,832136.7465820312,B2,0.43509221334017745,0.7408617362567984,0.8466744950795233
q85,1.4107755422592163,file_brain_AXT2_207_2070194,16,3276800,832136.7465820312,B3,0.43509221334017745,0.5379272508269645,0.5738647580339359
q85,1.4107755422592163,file_brain_AXT2_207_2070194,16,3276800,832136.7465820312,B4,0.43509221334017745,0.7051220834132931,0.8101602850170596
q85,1.4107755422592163,file_brain_AXT2_207_2070194,16,3276800,832136.7465820312,B5,0.43509221334017745,0.43621138225910727,0.501556314761406
q85,1.4107755422592163,file_brain_AXT2_207_2070194,16,3276800,832136.7465820312,B6,0.43509221334017745,0.6823585795724203,0.813385699513968
q95,2.0520856380462646,file_brain_AXT2_207_2070194,16,3276800,832136.7465820312,C0,0.1605692845552153,0.747237214525428,0.9466497050825392
q95,2.0520856380462646,file_brain_AXT2_207_2070194,16,3276800,832136.7465820312,U1,0.1605692845552153,0.6131004302326194,0.8948915881394612
q95,2.0520856380462646,file_brain_AXT2_207_2070194,16,3276800,832136.7465820312,U2a,0.1605692845552153,0.16469161234665053,0.5502988034154339
q95,2.0520856380462646,file_brain_AXT2_207_2070194,16,3276800,832136.7465820312,U2b,0.1605692845552153,0.15962020555091339,0.5597395039287268
q95,2.0520856380462646,file_brain_AXT2_207_2070194,16,3276800,832136.7465820312,B1,0.1605692845552153,0.3823664947930181,0.7949778535221406
q95,2.0520856380462646,file_brain_AXT2_207_2070194,16,3276800,832136.7465820312,B2,0.1605692845552153,0.38599600996386707,0.8094937243313326
q95,2.0520856380462646,file_brain_AXT2_207_2070194,16,3276800,832136.7465820312,B3,0.1605692845552153,0.30496018758071236,0.6469796001569326
q95,2.0520856380462646,file_brain_AXT2_207_2070194,16,3276800,832136.7465820312,B4,0.1605692845552153,0.32954172264235376,0.7706247520953681
q95,2.0520856380462646,file_brain_AXT2_207_2070194,16,3276800,832136.7465820312,B5,0.1605692845552153,0.16041920991942388,0.4990316782222484
q95,2.0520856380462646,file_brain_AXT2_207_2070194,16,3276800,832136.7465820312,B6,0.1605692845552153,0.29228941129771957,0.749960215691862
q85,1.4107755422592163,file_brain_AXT2_207_2070208,16,3276800,845937.884765625,C0,0.42931814404628194,0.9147081803056992,0.9371963187103175
q85,1.4107755422592163,file_brain_AXT2_207_2070208,16,3276800,845937.884765625,U1,0.42931814404628194,0.8007290409492742,0.8350710068945656
q85,1.4107755422592163,file_brain_AXT2_207_2070208,16,3276800,845937.884765625,U2a,0.42931814404628194,0.4965305178932479,0.6350165950270147
q85,1.4107755422592163,file_brain_AXT2_207_2070208,16,3276800,845937.884765625,U2b,0.42931814404628194,0.551461157717278,0.739798204703889
q85,1.4107755422592163,file_brain_AXT2_207_2070208,16,3276800,845937.884765625,B1,0.42931814404628194,0.6905336400597841,0.8062653142066248
q85,1.4107755422592163,file_brain_AXT2_207_2070208,16,3276800,845937.884765625,B2,0.42931814404628194,0.6942398039613868,0.8142429605203851
q85,1.4107755422592163,file_brain_AXT2_207_2070208,16,3276800,845937.884765625,B3,0.42931814404628194,0.49779900649393255,0.540439322740972
q85,1.4107755422592163,file_brain_AXT2_207_2070208,16,3276800,845937.884765625,B4,0.42931814404628194,0.6645198798062372,0.7870656030288947
q85,1.4107755422592163,file_brain_AXT2_207_2070208,16,3276800,845937.884765625,B5,0.42931814404628194,0.42980654601499063,0.5005862850417208
q85,1.4107755422592163,file_brain_AXT2_207_2070208,16,3276800,845937.884765625,B6,0.42931814404628194,0.6871397485500537,0.8146562327149827
q95,2.0520856380462646,file_brain_AXT2_207_2070208,16,3276800,845937.884765625,C0,0.15102252550924103,0.6249837741334613,0.9002619992168807
q95,2.0520856380462646,file_brain_AXT2_207_2070208,16,3276800,845937.884765625,U1,0.15102252550924103,0.47032287244488397,0.8250294038792181
q95,2.0520856380462646,file_brain_AXT2_207_2070208,16,3276800,845937.884765625,U2a,0.15102252550924103,0.16047142645081872,0.5630120893568283
q95,2.0520856380462646,file_brain_AXT2_207_2070208,16,3276800,845937.884765625,U2b,0.15102252550924103,0.16030440801144044,0.5882491673731494
q95,2.0520856380462646,file_brain_AXT2_207_2070208,16,3276800,845937.884765625,B1,0.15102252550924103,0.3110913083724297,0.7598254149000231
q95,2.0520856380462646,file_brain_AXT2_207_2070208,16,3276800,845937.884765625,B2,0.15102252550924103,0.31330907052951235,0.7686929136463935
q95,2.0520856380462646,file_brain_AXT2_207_2070208,16,3276800,845937.884765625,B3,0.15102252550924103,0.2253433179098238,0.5868869010605502
q95,2.0520856380462646,file_brain_AXT2_207_2070208,16,3276800,845937.884765625,B4,0.15102252550924103,0.25851580220965775,0.7227919686639392
q95,2.0520856380462646,file_brain_AXT2_207_2070208,16,3276800,845937.884765625,B5,0.15102252550924103,0.15154582036656059,0.5009228726175465
q95,2.0520856380462646,file_brain_AXT2_207_2070208,16,3276800,845937.884765625,B6,0.15102252550924103,0.2700527951040449,0.7393011738088286
q85,1.4107755422592163,file_brain_AXT2_207_2070280,16,3276800,859531.2122192383,C0,0.48655960018493744,0.9378161537174318,0.949086499415746
q85,1.4107755422592163,file_brain_AXT2_207_2070280,16,3276800,859531.2122192383,U1,0.48655960018493744,0.9023367126977782,0.9096717453163398
q85,1.4107755422592163,file_brain_AXT2_207_2070280,16,3276800,859531.2122192383,U2a,0.48655960018493744,0.5583731857776227,0.661732179193319
q85,1.4107755422592163,file_brain_AXT2_207_2070280,16,3276800,859531.2122192383,U2b,0.48655960018493744,0.654897071446864,0.7836867686931829
q85,1.4107755422592163,file_brain_AXT2_207_2070280,16,3276800,859531.2122192383,B1,0.48655960018493744,0.7344304191817931,0.8131075228259477
q85,1.4107755422592163,file_brain_AXT2_207_2070280,16,3276800,859531.2122192383,B2,0.48655960018493744,0.7338675602429587,0.8228965184759942
q85,1.4107755422592163,file_brain_AXT2_207_2070280,16,3276800,859531.2122192383,B3,0.48655960018493744,0.5941639570252012,0.5899094847432027
q85,1.4107755422592163,file_brain_AXT2_207_2070280,16,3276800,859531.2122192383,B4,0.48655960018493744,0.7215655749900453,0.8011352826362446
q85,1.4107755422592163,file_brain_AXT2_207_2070280,16,3276800,859531.2122192383,B5,0.48655960018493744,0.4867120111510567,0.5002446737249762
q85,1.4107755422592163,file_brain_AXT2_207_2070280,16,3276800,859531.2122192383,B6,0.48655960018493744,0.7309009442329102,0.8165318803108291
q95,2.0520856380462646,file_brain_AXT2_207_2070280,16,3276800,859531.2122192383,C0,0.17527301516869068,0.6000522929644605,0.8845039832217286
q95,2.0520856380462646,file_brain_AXT2_207_2070280,16,3276800,859531.2122192383,U1,0.17527301516869068,0.4831688923542599,0.83959663994486
q95,2.0520856380462646,file_brain_AXT2_207_2070280,16,3276800,859531.2122192383,U2a,0.17527301516869068,0.18620576281089712,0.580635543133606
q95,2.0520856380462646,file_brain_AXT2_207_2070280,16,3276800,859531.2122192383,U2b,0.17527301516869068,0.19728945043019047,0.6157259441326177
q95,2.0520856380462646,file_brain_AXT2_207_2070280,16,3276800,859531.2122192383,B1,0.17527301516869068,0.3282976417704747,0.7506696036151809
q95,2.0520856380462646,file_brain_AXT2_207_2070280,16,3276800,859531.2122192383,B2,0.17527301516869068,0.32873595187025917,0.7617706434525837
q95,2.0520856380462646,file_brain_AXT2_207_2070280,16,3276800,859531.2122192383,B3,0.17527301516869068,0.27561734670534815,0.6263356213939896
q95,2.0520856380462646,file_brain_AXT2_207_2070280,16,3276800,859531.2122192383,B4,0.17527301516869068,0.29224936723892225,0.7278417124834292
q95,2.0520856380462646,file_brain_AXT2_207_2070280,16,3276800,859531.2122192383,B5,0.17527301516869068,0.17536416768805776,0.5002109797360237
q95,2.0520856380462646,file_brain_AXT2_207_2070280,16,3276800,859531.2122192383,B6,0.17527301516869068,0.27089158371495675,0.7028227554119504
q85,1.4107755422592163,file_brain_AXT2_207_2070352,16,3276800,849531.7224731445,C0,0.6307352483186991,0.9930531355240142,0.9898712253443961
q85,1.4107755422592163,file_brain_AXT2_207_2070352,16,3276800,849531.7224731445,U1,0.6307352483186991,0.964910009195062,0.9380688805476816
q85,1.4107755422592163,file_brain_AXT2_207_2070352,16,3276800,849531.7224731445,U2a,0.6307352483186991,0.7610538058082521,0.7469850896057086
q85,1.4107755422592163,file_brain_AXT2_207_2070352,16,3276800,849531.7224731445,U2b,0.6307352483186991,0.9242800808337072,0.9194900324676584
q85,1.4107755422592163,file_brain_AXT2_207_2070352,16,3276800,849531.7224731445,B1,0.6307352483186991,0.9201067729211724,0.9034464579068986
q85,1.4107755422592163,file_brain_AXT2_207_2070352,16,3276800,849531.7224731445,B2,0.6307352483186991,0.9269369933973364,0.9173916573971933
q85,1.4107755422592163,file_brain_AXT2_207_2070352,16,3276800,849531.7224731445,B3,0.6307352483186991,0.6853163579467149,0.5311232419545399
q85,1.4107755422592163,file_brain_AXT2_207_2070352,16,3276800,849531.7224731445,B4,0.6307352483186991,0.8987681902175846,0.891731256944305
q85,1.4107755422592163,file_brain_AXT2_207_2070352,16,3276800,849531.7224731445,B5,0.6307352483186991,0.6315446820863894,0.5012499224666653
q85,1.4107755422592163,file_brain_AXT2_207_2070352,16,3276800,849531.7224731445,B6,0.6307352483186991,0.9154876119560258,0.9158596290658837
q95,2.0520856380462646,file_brain_AXT2_207_2070352,16,3276800,849531.7224731445,C0,0.2654632918148119,0.6941628514309116,0.8749724999796445
q95,2.0520856380462646,file_brain_AXT2_207_2070352,16,3276800,849531.7224731445,U1,0.2654632918148119,0.5678006163130289,0.8083563930027995
q95,2.0520856380462646,file_brain_AXT2_207_2070352,16,3276800,849531.7224731445,U2a,0.2654632918148119,0.28387702432437745,0.5837117504604927
q95,2.0520856380462646,file_brain_AXT2_207_2070352,16,3276800,849531.7224731445,U2b,0.2654632918148119,0.31953108006322223,0.6506810658288454
q95,2.0520856380462646,file_brain_AXT2_207_2070352,16,3276800,849531.7224731445,B1,0.2654632918148119,0.4809552384492107,0.7492894515340256
q95,2.0520856380462646,file_brain_AXT2_207_2070352,16,3276800,849531.7224731445,B2,0.2654632918148119,0.4913232885156183,0.7602546054315785
q95,2.0520856380462646,file_brain_AXT2_207_2070352,16,3276800,849531.7224731445,B3,0.2654632918148119,0.34982181091040077,0.5740577757434843
q95,2.0520856380462646,file_brain_AXT2_207_2070352,16,3276800,849531.7224731445,B4,0.2654632918148119,0.4213248373769535,0.7323983963130165
q95,2.0520856380462646,file_brain_AXT2_207_2070352,16,3276800,849531.7224731445,B5,0.2654632918148119,0.2654288207442231,0.49962242627214787
q95,2.0520856380462646,file_brain_AXT2_207_2070352,16,3276800,849531.7224731445,B6,0.2654632918148119,0.42368687509988573,0.7380816342955682
q85,1.4107755422592163,file_brain_AXT2_207_2070417,16,3276800,1116473.742980957,C0,0.6443902459130139,0.9895863478867575,0.9854953586687695
q85,1.4107755422592163,file_brain_AXT2_207_2070417,16,3276800,1116473.742980957,U1,0.6443902459130139,0.9458842953513384,0.9296477405142535
q85,1.4107755422592163,file_brain_AXT2_207_2070417,16,3276800,1116473.742980957,U2a,0.6443902459130139,0.6700125060898118,0.5793791407300501
q85,1.4107755422592163,file_brain_AXT2_207_2070417,16,3276800,1116473.742980957,U2b,0.6443902459130139,0.8607519133255628,0.7975245895709987
q85,1.4107755422592163,file_brain_AXT2_207_2070417,16,3276800,1116473.742980957,B1,0.6443902459130139,0.8980913196409882,0.8793201282993055
q85,1.4107755422592163,file_brain_AXT2_207_2070417,16,3276800,1116473.742980957,B2,0.6443902459130139,0.9041701679541128,0.894677209089292
q85,1.4107755422592163,file_brain_AXT2_207_2070417,16,3276800,1116473.742980957,B3,0.6443902459130139,0.6545718540415505,0.4760880796019001
q85,1.4107755422592163,file_brain_AXT2_207_2070417,16,3276800,1116473.742980957,B4,0.6443902459130139,0.8989593707717625,0.8602072302627193
q85,1.4107755422592163,file_brain_AXT2_207_2070417,16,3276800,1116473.742980957,B5,0.6443902459130139,0.6454581874966157,0.5016930875257595
q85,1.4107755422592163,file_brain_AXT2_207_2070417,16,3276800,1116473.742980957,B6,0.6443902459130139,0.875921144875579,0.8746079603693303
q95,2.0520856380462646,file_brain_AXT2_207_2070417,16,3276800,1116473.742980957,C0,0.29315546990987995,0.7016207235013313,0.8842679126693319
q95,2.0520856380462646,file_brain_AXT2_207_2070417,16,3276800,1116473.742980957,U1,0.29315546990987995,0.5082707105723282,0.7999007409221377
q95,2.0520856380462646,file_brain_AXT2_207_2070417,16,3276800,1116473.742980957,U2a,0.29315546990987995,0.24789808302782312,0.44366712248821644
q95,2.0520856380462646,file_brain_AXT2_207_2070417,16,3276800,1116473.742980957,U2b,0.29315546990987995,0.28420881911324686,0.5288331297717062
q95,2.0520856380462646,file_brain_AXT2_207_2070417,16,3276800,1116473.742980957,B1,0.29315546990987995,0.40871454777576927,0.6876353398322844
q95,2.0520856380462646,file_brain_AXT2_207_2070417,16,3276800,1116473.742980957,B2,0.29315546990987995,0.41036271946242503,0.6914303194556519
q95,2.0520856380462646,file_brain_AXT2_207_2070417,16,3276800,1116473.742980957,B3,0.29315546990987995,0.306633325862712,0.4995264093858803
q95,2.0520856380462646,file_brain_AXT2_207_2070417,16,3276800,1116473.742980957,B4,0.29315546990987995,0.511651925684547,0.7503381224307379
q95,2.0520856380462646,file_brain_AXT2_207_2070417,16,3276800,1116473.742980957,B5,0.29315546990987995,0.2942383996721208,0.501491777467792
q95,2.0520856380462646,file_brain_AXT2_207_2070417,16,3276800,1116473.742980957,B6,0.29315546990987995,0.39750281397396947,0.690580782221686
q85,1.4107755422592163,file_brain_AXT2_207_2070770,16,3276800,843821.4591064453,C0,0.5288879935866276,0.9447206433407946,0.9465875253142009
q85,1.4107755422592163,file_brain_AXT2_207_2070770,16,3276800,843821.4591064453,U1,0.5288879935866276,0.8616569581909336,0.848688436680212
q85,1.4107755422592163,file_brain_AXT2_207_2070770,16,3276800,843821.4591064453,U2a,0.5288879935866276,0.680532150136137,0.7290424114695854
q85,1.4107755422592163,file_brain_AXT2_207_2070770,16,3276800,843821.4591064453,U2b,0.5288879935866276,0.7458936644310079,0.8325936791701474
q85,1.4107755422592163,file_brain_AXT2_207_2070770,16,3276800,843821.4591064453,B1,0.5288879935866276,0.8277021915174849,0.8627591178162327
q85,1.4107755422592163,file_brain_AXT2_207_2070770,16,3276800,843821.4591064453,B2,0.5288879935866276,0.832007146559777,0.8696337928459661
q85,1.4107755422592163,file_brain_AXT2_207_2070770,16,3276800,843821.4591064453,B3,0.5288879935866276,0.6069053850206402,0.5418454397736758
q85,1.4107755422592163,file_brain_AXT2_207_2070770,16,3276800,843821.4591064453,B4,0.5288879935866276,0.7707112850983742,0.8177606109459702
q85,1.4107755422592163,file_brain_AXT2_207_2070770,16,3276800,843821.4591064453,B5,0.5288879935866276,0.5293674336808187,0.500843673880426
q85,1.4107755422592163,file_brain_AXT2_207_2070770,16,3276800,843821.4591064453,B6,0.5288879935866276,0.8103265881818241,0.8641976452150275
q95,2.0520856380462646,file_brain_AXT2_207_2070770,16,3276800,843821.4591064453,C0,0.18994966591366055,0.5684661109901883,0.8652354647289948
q95,2.0520856380462646,file_brain_AXT2_207_2070770,16,3276800,843821.4591064453,U1,0.18994966591366055,0.4019247527017808,0.7461135809589552
q95,2.0520856380462646,file_brain_AXT2_207_2070770,16,3276800,843821.4591064453,U2a,0.18994966591366055,0.2363425881643391,0.6224398219223976
q95,2.0520856380462646,file_brain_AXT2_207_2070770,16,3276800,843821.4591064453,U2b,0.18994966591366055,0.22795668114245055,0.640169834261789
q95,2.0520856380462646,file_brain_AXT2_207_2070770,16,3276800,843821.4591064453,B1,0.18994966591366055,0.3666865622409951,0.7600408705685753
q95,2.0520856380462646,file_brain_AXT2_207_2070770,16,3276800,843821.4591064453,B2,0.18994966591366055,0.3679204285377983,0.7669755951600034
q95,2.0520856380462646,file_brain_AXT2_207_2070770,16,3276800,843821.4591064453,B3,0.18994966591366055,0.2719479688941567,0.575764192615348
q95,2.0520856380462646,file_brain_AXT2_207_2070770,16,3276800,843821.4591064453,B4,0.18994966591366055,0.3113187383541053,0.7208524310273556
q95,2.0520856380462646,file_brain_AXT2_207_2070770,16,3276800,843821.4591064453,B5,0.18994966591366055,0.18999846003173834,0.5000450759516429
q95,2.0520856380462646,file_brain_AXT2_207_2070770,16,3276800,843821.4591064453,B6,0.18994966591366055,0.3130832026452532,0.7343621949055533
q85,1.4107755422592163,file_brain_AXT2_207_2070777,16,3276800,1006127.9983520508,C0,0.5238349962804608,0.9440498952048186,0.9404267912361031
q85,1.4107755422592163,file_brain_AXT2_207_2070777,16,3276800,1006127.9983520508,U1,0.5238349962804608,0.916672277945553,0.9060723121302585
q85,1.4107755422592163,file_brain_AXT2_207_2070777,16,3276800,1006127.9983520508,U2a,0.5238349962804608,0.5715380394025275,0.6061838918623255
q85,1.4107755422592163,file_brain_AXT2_207_2070777,16,3276800,1006127.9983520508,U2b,0.5238349962804608,0.6226605263453255,0.6824231554936817
q85,1.4107755422592163,file_brain_AXT2_207_2070777,16,3276800,1006127.9983520508,B1,0.5238349962804608,0.7472331138559423,0.7754608745031629
q85,1.4107755422592163,file_brain_AXT2_207_2070777,16,3276800,1006127.9983520508,B2,0.5238349962804608,0.7585053550485503,0.7919830965777243
q85,1.4107755422592163,file_brain_AXT2_207_2070777,16,3276800,1006127.9983520508,B3,0.5238349962804608,0.596691644876956,0.5509241297430236
q85,1.4107755422592163,file_brain_AXT2_207_2070777,16,3276800,1006127.9983520508,B4,0.5238349962804608,0.8215199765094224,0.816845961249843
q85,1.4107755422592163,file_brain_AXT2_207_2070777,16,3276800,1006127.9983520508,B5,0.5238349962804608,0.5242505913585345,0.500643904048886
q85,1.4107755422592163,file_brain_AXT2_207_2070777,16,3276800,1006127.9983520508,B6,0.5238349962804608,0.6937189217416635,0.7565830098550417
q95,2.0520856380462646,file_brain_AXT2_207_2070777,16,3276800,1006127.9983520508,C0,0.18346473718195208,0.6634744244952189,0.9021421174434878
q95,2.0520856380462646,file_brain_AXT2_207_2070777,16,3276800,1006127.9983520508,U1,0.18346473718195208,0.561729182059834,0.8531604257245171
q95,2.0520856380462646,file_brain_AXT2_207_2070777,16,3276800,1006127.9983520508,U2a,0.18346473718195208,0.17530053775763305,0.5039699326676537
q95,2.0520856380462646,file_brain_AXT2_207_2070777,16,3276800,1006127.9983520508,U2b,0.18346473718195208,0.17633783316457546,0.5253072577885826
q95,2.0520856380462646,file_brain_AXT2_207_2070777,16,3276800,1006127.9983520508,B1,0.18346473718195208,0.3585822224546438,0.7389515071778157
q95,2.0520856380462646,file_brain_AXT2_207_2070777,16,3276800,1006127.9983520508,B2,0.18346473718195208,0.3688331153354106,0.7561385498612891
q95,2.0520856380462646,file_brain_AXT2_207_2070777,16,3276800,1006127.9983520508,B3,0.18346473718195208,0.2623731556478303,0.5720708127427875
q95,2.0520856380462646,file_brain_AXT2_207_2070777,16,3276800,1006127.9983520508,B4,0.18346473718195208,0.4022680634325698,0.7767490711021603
q95,2.0520856380462646,file_brain_AXT2_207_2070777,16,3276800,1006127.9983520508,B5,0.18346473718195208,0.18347169754246268,0.4998721235683449
q95,2.0520856380462646,file_brain_AXT2_207_2070777,16,3276800,1006127.9983520508,B6,0.18346473718195208,0.27771205563656776,0.6923176962958459
q85,1.4107755422592163,file_brain_AXT2_207_2070822,16,3276800,1134558.4727172852,C0,0.6677886282945367,0.9921032025538667,0.9854588043848862
q85,1.4107755422592163,file_brain_AXT2_207_2070822,16,3276800,1134558.4727172852,U1,0.6677886282945367,0.9651639791703344,0.9351751006067754
q85,1.4107755422592163,file_brain_AXT2_207_2070822,16,3276800,1134558.4727172852,U2a,0.6677886282945367,0.7224611809623231,0.6334485679419655
q85,1.4107755422592163,file_brain_AXT2_207_2070822,16,3276800,1134558.4727172852,U2b,0.6677886282945367,0.8487777032598275,0.7856864692787838
q85,1.4107755422592163,file_brain_AXT2_207_2070822,16,3276800,1134558.4727172852,B1,0.6677886282945367,0.9071892654024798,0.8633997922905182
q85,1.4107755422592163,file_brain_AXT2_207_2070822,16,3276800,1134558.4727172852,B2,0.6677886282945367,0.9163534057661474,0.8816755440261163
q85,1.4107755422592163,file_brain_AXT2_207_2070822,16,3276800,1134558.4727172852,B3,0.6677886282945367,0.680470162415313,0.4742938699415663
q85,1.4107755422592163,file_brain_AXT2_207_2070822,16,3276800,1134558.4727172852,B4,0.6677886282945367,0.9017671832677195,0.842838121627056
q85,1.4107755422592163,file_brain_AXT2_207_2070822,16,3276800,1134558.4727172852,B5,0.6677886282945367,0.6682940565936445,0.5009129452663607
q85,1.4107755422592163,file_brain_AXT2_207_2070822,16,3276800,1134558.4727172852,B6,0.6677886282945367,0.8878945005875944,0.8700047288511633
q95,2.0520856380462646,file_brain_AXT2_207_2070822,16,3276800,1134558.4727172852,C0,0.3123773031011355,0.7750379416554793,0.9095496420665313
q95,2.0520856380462646,file_brain_AXT2_207_2070822,16,3276800,1134558.4727172852,U1,0.3123773031011355,0.6630110356388346,0.8431887519798018
q95,2.0520856380462646,file_brain_AXT2_207_2070822,16,3276800,1134558.4727172852,U2a,0.3123773031011355,0.2740202075980157,0.46069851072463686
q95,2.0520856380462646,file_brain_AXT2_207_2070822,16,3276800,1134558.4727172852,U2b,0.3123773031011355,0.28129321766197246,0.4886736592981549
q95,2.0520856380462646,file_brain_AXT2_207_2070822,16,3276800,1134558.4727172852,B1,0.3123773031011355,0.44367353919887487,0.6862074845103825
q95,2.0520856380462646,file_brain_AXT2_207_2070822,16,3276800,1134558.4727172852,B2,0.3123773031011355,0.4474304992927294,0.6953632165524051
q95,2.0520856380462646,file_brain_AXT2_207_2070822,16,3276800,1134558.4727172852,B3,0.3123773031011355,0.3564895492765171,0.541611524844296
q95,2.0520856380462646,file_brain_AXT2_207_2070822,16,3276800,1134558.4727172852,B4,0.3123773031011355,0.5823603013553519,0.7771639740603413
q95,2.0520856380462646,file_brain_AXT2_207_2070822,16,3276800,1134558.4727172852,B5,0.3123773031011355,0.31234341898422735,0.49989675316519894
q95,2.0520856380462646,file_brain_AXT2_207_2070822,16,3276800,1134558.4727172852,B6,0.3123773031011355,0.3888252270559903,0.6655324629824427
q85,1.4107755422592163,file_brain_AXT2_208_2080013,16,3276800,884672.4463500977,C0,0.572966744576295,0.971408982237784,0.9695081707796029
q85,1.4107755422592163,file_brain_AXT2_208_2080013,16,3276800,884672.4463500977,U1,0.572966744576295,0.8858228703959986,0.84986372090857
q85,1.4107755422592163,file_brain_AXT2_208_2080013,16,3276800,884672.4463500977,U2a,0.572966744576295,0.7247809192737,0.7456080645040252
q85,1.4107755422592163,file_brain_AXT2_208_2080013,16,3276800,884672.4463500977,U2b,0.572966744576295,0.8299083687791734,0.8848599124763905
q85,1.4107755422592163,file_brain_AXT2_208_2080013,16,3276800,884672.4463500977,B1,0.572966744576295,0.870442785794467,0.8805354492998234
q85,1.4107755422592163,file_brain_AXT2_208_2080013,16,3276800,884672.4463500977,B2,0.572966744576295,0.8746237277541387,0.8866444672925823
q85,1.4107755422592163,file_brain_AXT2_208_2080013,16,3276800,884672.4463500977,B3,0.572966744576295,0.6526706614266553,0.5412249462774704
q85,1.4107755422592163,file_brain_AXT2_208_2080013,16,3276800,884672.4463500977,B4,0.572966744576295,0.8385140625733208,0.8470191140251713
q85,1.4107755422592163,file_brain_AXT2_208_2080013,16,3276800,884672.4463500977,B5,0.572966744576295,0.5734827297126041,0.5009586971563124
q85,1.4107755422592163,file_brain_AXT2_208_2080013,16,3276800,884672.4463500977,B6,0.572966744576295,0.8517666084581649,0.879490861339971
q95,2.0520856380462646,file_brain_AXT2_208_2080013,16,3276800,884672.4463500977,C0,0.20417292786661323,0.7013447053471722,0.9104769349300325
q95,2.0520856380462646,file_brain_AXT2_208_2080013,16,3276800,884672.4463500977,U1,0.20417292786661323,0.5187556789252127,0.821310538014683
q95,2.0520856380462646,file_brain_AXT2_208_2080013,16,3276800,884672.4463500977,U2a,0.20417292786661323,0.22383956208701872,0.5843164812145296
q95,2.0520856380462646,file_brain_AXT2_208_2080013,16,3276800,884672.4463500977,U2b,0.20417292786661323,0.20523705719859217,0.5713611664117387
q95,2.0520856380462646,file_brain_AXT2_208_2080013,16,3276800,884672.4463500977,B1,0.20417292786661323,0.4094205212153159,0.7700473065546753
q95,2.0520856380462646,file_brain_AXT2_208_2080013,16,3276800,884672.4463500977,B2,0.20417292786661323,0.4148613571620423,0.7780563119170603
q95,2.0520856380462646,file_brain_AXT2_208_2080013,16,3276800,884672.4463500977,B3,0.20417292786661323,0.33953613048209214,0.6225116720044298
q95,2.0520856380462646,file_brain_AXT2_208_2080013,16,3276800,884672.4463500977,B4,0.20417292786661323,0.3703452963775162,0.7462559799682519
q95,2.0520856380462646,file_brain_AXT2_208_2080013,16,3276800,884672.4463500977,B5,0.20417292786661323,0.2039826804037104,0.4986580329732952
q95,2.0520856380462646,file_brain_AXT2_208_2080013,16,3276800,884672.4463500977,B6,0.20417292786661323,0.39129415130023576,0.7617746866825807
q85,1.4107755422592163,file_brain_AXT2_208_2080126,16,3276800,893722.9533691406,C0,0.5577491422976484,0.989758579459154,0.9883686908368094
q85,1.4107755422592163,file_brain_AXT2_208_2080126,16,3276800,893722.9533691406,U1,0.5577491422976484,0.9625132011975454,0.9512184311287144
q85,1.4107755422592163,file_brain_AXT2_208_2080126,16,3276800,893722.9533691406,U2a,0.5577491422976484,0.7055521344493184,0.7224794935400826
q85,1.4107755422592163,file_brain_AXT2_208_2080126,16,3276800,893722.9533691406,U2b,0.5577491422976484,0.9029816830134885,0.9380637384443237
q85,1.4107755422592163,file_brain_AXT2_208_2080126,16,3276800,893722.9533691406,B1,0.5577491422976484,0.9052933793278807,0.9118019526112037
q85,1.4107755422592163,file_brain_AXT2_208_2080126,16,3276800,893722.9533691406,B2,0.5577491422976484,0.9102294662605735,0.9186287651170724
q85,1.4107755422592163,file_brain_AXT2_208_2080126,16,3276800,893722.9533691406,B3,0.5577491422976484,0.5894302680484069,0.47216940781097394
q85,1.4107755422592163,file_brain_AXT2_208_2080126,16,3276800,893722.9533691406,B4,0.5577491422976484,0.838421320616571,0.8480775431469634
q85,1.4107755422592163,file_brain_AXT2_208_2080126,16,3276800,893722.9533691406,B5,0.5577491422976484,0.5586114623659045,0.501302955930872
q85,1.4107755422592163,file_brain_AXT2_208_2080126,16,3276800,893722.9533691406,B6,0.5577491422976484,0.9013214331127993,0.9269854208598036
q95,2.0520856380462646,file_brain_AXT2_208_2080126,16,3276800,893722.9533691406,C0,0.22158603036636856,0.7174677355460382,0.9071153997745761
q95,2.0520856380462646,file_brain_AXT2_208_2080126,16,3276800,893722.9533691406,U1,0.22158603036636856,0.5346978105122933,0.8346993456476629
q95,2.0520856380462646,file_brain_AXT2_208_2080126,16,3276800,893722.9533691406,U2a,0.22158603036636856,0.2540384172678851,0.5969038486539259
q95,2.0520856380462646,file_brain_AXT2_208_2080126,16,3276800,893722.9533691406,U2b,0.22158603036636856,0.2762644046575234,0.6726466746897338
q95,2.0520856380462646,file_brain_AXT2_208_2080126,16,3276800,893722.9533691406,B1,0.22158603036636856,0.44166500565502076,0.7835971575599463
q95,2.0520856380462646,file_brain_AXT2_208_2080126,16,3276800,893722.9533691406,B2,0.22158603036636856,0.4475275843075821,0.7902428601470399
q95,2.0520856380462646,file_brain_AXT2_208_2080126,16,3276800,893722.9533691406,B3,0.22158603036636856,0.2946654511808311,0.5513719668449668
q95,2.0520856380462646,file_brain_AXT2_208_2080126,16,3276800,893722.9533691406,B4,0.22158603036636856,0.38296489533284284,0.7399626261116289
q95,2.0520856380462646,file_brain_AXT2_208_2080126,16,3276800,893722.9533691406,B5,0.22158603036636856,0.2215860237820115,0.5000920473989726
q95,2.0520856380462646,file_brain_AXT2_208_2080126,16,3276800,893722.9533691406,B6,0.22158603036636856,0.4168842882631333,0.7889524178465288
q85,1.4107755422592163,file_brain_AXT2_208_2080585,16,3276800,842717.9528198242,C0,0.5150389291572985,0.9472079148708485,0.9520219612936426
q85,1.4107755422592163,file_brain_AXT2_208_2080585,16,3276800,842717.9528198242,U1,0.5150389291572985,0.893928732602815,0.9065448215045165
q85,1.4107755422592163,file_brain_AXT2_208_2080585,16,3276800,842717.9528198242,U2a,0.5150389291572985,0.6239270797824105,0.6946643257444117
q85,1.4107755422592163,file_brain_AXT2_208_2080585,16,3276800,842717.9528198242,U2b,0.5150389291572985,0.7122475202887103,0.8204021804700833
q85,1.4107755422592163,file_brain_AXT2_208_2080585,16,3276800,842717.9528198242,B1,0.5150389291572985,0.8132913989215658,0.8598824089198338
q85,1.4107755422592163,file_brain_AXT2_208_2080585,16,3276800,842717.9528198242,B2,0.5150389291572985,0.8164537854005742,0.8653289873015763
q85,1.4107755422592163,file_brain_AXT2_208_2080585,16,3276800,842717.9528198242,B3,0.5150389291572985,0.597899340511871,0.5534911329292295
q85,1.4107755422592163,file_brain_AXT2_208_2080585,16,3276800,842717.9528198242,B4,0.5150389291572985,0.7494536244713237,0.806577544865864
q85,1.4107755422592163,file_brain_AXT2_208_2080585,16,3276800,842717.9528198242,B5,0.5150389291572985,0.5155981265917108,0.5007417891624188
q85,1.4107755422592163,file_brain_AXT2_208_2080585,16,3276800,842717.9528198242,B6,0.5150389291572985,0.7998736267987017,0.8606492566029298
q95,2.0520856380462646,file_brain_AXT2_208_2080585,16,3276800,842717.9528198242,C0,0.18536305810595052,0.5831431472710269,0.8810757652954742
q95,2.0520856380462646,file_brain_AXT2_208_2080585,16,3276800,842717.9528198242,U1,0.18536305810595052,0.46255637757855533,0.8345127798645321
q95,2.0520856380462646,file_brain_AXT2_208_2080585,16,3276800,842717.9528198242,U2a,0.18536305810595052,0.2055433541848344,0.5885416877543682
q95,2.0520856380462646,file_brain_AXT2_208_2080585,16,3276800,842717.9528198242,U2b,0.18536305810595052,0.20269559519061253,0.6093258515901226
q95,2.0520856380462646,file_brain_AXT2_208_2080585,16,3276800,842717.9528198242,B1,0.18536305810595052,0.357543663779006,0.7706061233705452
q95,2.0520856380462646,file_brain_AXT2_208_2080585,16,3276800,842717.9528198242,B2,0.18536305810595052,0.358231160523783,0.7744679356612671
q95,2.0520856380462646,file_brain_AXT2_208_2080585,16,3276800,842717.9528198242,B3,0.18536305810595052,0.26355413552260987,0.5854159248796026
q95,2.0520856380462646,file_brain_AXT2_208_2080585,16,3276800,842717.9528198242,B4,0.18536305810595052,0.29082790068063724,0.7147433102210509
q95,2.0520856380462646,file_brain_AXT2_208_2080585,16,3276800,842717.9528198242,B5,0.18536305810595052,0.18534514674182362,0.49969975047516135
q95,2.0520856380462646,file_brain_AXT2_208_2080585,16,3276800,842717.9528198242,B6,0.18536305810595052,0.3340585528987195,0.7511879418458137
q85,1.4107755422592163,file_brain_AXT2_208_2080611,16,3276800,941089.6903076172,C0,0.4860262100455633,0.9346470252320692,0.9361440475167928
q85,1.4107755422592163,file_brain_AXT2_208_2080611,16,3276800,941089.6903076172,U1,0.4860262100455633,0.8377238693397832,0.8533993249454406
q85,1.4107755422592163,file_brain_AXT2_208_2080611,16,3276800,941089.6903076172,U2a,0.4860262100455633,0.5328673510603472,0.6188852696345556
q85,1.4107755422592163,file_brain_AXT2_208_2080611,16,3276800,941089.6903076172,U2b,0.4860262100455633,0.5527640983497337,0.6517745746413872
q85,1.4107755422592163,file_brain_AXT2_208_2080611,16,3276800,941089.6903076172,B1,0.4860262100455633,0.7218526851486885,0.7570535191539762
q85,1.4107755422592163,file_brain_AXT2_208_2080611,16,3276800,941089.6903076172,B2,0.4860262100455633,0.7289864184361383,0.765217618732495
q85,1.4107755422592163,file_brain_AXT2_208_2080611,16,3276800,941089.6903076172,B3,0.4860262100455633,0.5851891140818051,0.5935160417040125
q85,1.4107755422592163,file_brain_AXT2_208_2080611,16,3276800,941089.6903076172,B4,0.4860262100455633,0.7398953704755579,0.7994129745421343
q85,1.4107755422592163,file_brain_AXT2_208_2080611,16,3276800,941089.6903076172,B5,0.4860262100455633,0.485909593766232,0.49970107182645945
q85,1.4107755422592163,file_brain_AXT2_208_2080611,16,3276800,941089.6903076172,B6,0.4860262100455633,0.645553534973271,0.7277465889655359
q95,2.0520856380462646,file_brain_AXT2_208_2080611,16,3276800,941089.6903076172,C0,0.17524551253268852,0.7162652532784743,0.9325386571697405
q95,2.0520856380462646,file_brain_AXT2_208_2080611,16,3276800,941089.6903076172,U1,0.17524551253268852,0.5438289333234346,0.8509355265250401
q95,2.0520856380462646,file_brain_AXT2_208_2080611,16,3276800,941089.6903076172,U2a,0.17524551253268852,0.15711225256433306,0.49524336161667953
q95,2.0520856380462646,file_brain_AXT2_208_2080611,16,3276800,941089.6903076172,U2b,0.17524551253268852,0.14858443272661015,0.463665543353202
q95,2.0520856380462646,file_brain_AXT2_208_2080611,16,3276800,941089.6903076172,B1,0.17524551253268852,0.33082255746220496,0.6734652099023227
q95,2.0520856380462646,file_brain_AXT2_208_2080611,16,3276800,941089.6903076172,B2,0.17524551253268852,0.3371078199412333,0.6809858585093056
q95,2.0520856380462646,file_brain_AXT2_208_2080611,16,3276800,941089.6903076172,B3,0.17524551253268852,0.2940764784547959,0.6464484916568366
q95,2.0520856380462646,file_brain_AXT2_208_2080611,16,3276800,941089.6903076172,B4,0.17524551253268852,0.336943873390149,0.7491856601056825
q95,2.0520856380462646,file_brain_AXT2_208_2080611,16,3276800,941089.6903076172,B5,0.17524551253268852,0.1753350797008409,0.5000212881579579
q95,2.0520856380462646,file_brain_AXT2_208_2080611,16,3276800,941089.6903076172,B6,0.17524551253268852,0.2338013337073528,0.6275729755630163
q85,1.4107755422592163,file_brain_AXT2_209_6001384,16,4866048,1230243.5817260742,C0,0.4583734132681633,0.9302485145783649,0.9456463349309037
q85,1.4107755422592163,file_brain_AXT2_209_6001384,16,4866048,1230243.5817260742,U1,0.4583734132681633,0.8463616198468875,0.8768166681195314
q85,1.4107755422592163,file_brain_AXT2_209_6001384,16,4866048,1230243.5817260742,U2a,0.4583734132681633,0.566666926887765,0.6844272964879041
q85,1.4107755422592163,file_brain_AXT2_209_6001384,16,4866048,1230243.5817260742,U2b,0.4583734132681633,0.6661689888660465,0.8059280505585367
q85,1.4107755422592163,file_brain_AXT2_209_6001384,16,4866048,1230243.5817260742,B1,0.4583734132681633,0.7133167747621776,0.8280593658249236
q85,1.4107755422592163,file_brain_AXT2_209_6001384,16,4866048,1230243.5817260742,B2,0.4583734132681633,0.7158247303583898,0.8340791769862927
q85,1.4107755422592163,file_brain_AXT2_209_6001384,16,4866048,1230243.5817260742,B3,0.4583734132681633,0.5004023237312664,0.4934909021375978
q85,1.4107755422592163,file_brain_AXT2_209_6001384,16,4866048,1230243.5817260742,B4,0.4583734132681633,0.6931061134321476,0.7971334989335034
q85,1.4107755422592163,file_brain_AXT2_209_6001384,16,4866048,1230243.5817260742,B5,0.4583734132681633,0.4604262319025695,0.5023733538688083
q85,1.4107755422592163,file_brain_AXT2_209_6001384,16,4866048,1230243.5817260742,B6,0.4583734132681633,0.7380606504838934,0.8385194166416283
q95,2.0520856380462646,file_brain_AXT2_209_6001384,16,4866048,1230243.5817260742,C0,0.16644812168915013,0.712200083009494,0.9231259903830077
q95,2.0520856380462646,file_brain_AXT2_209_6001384,16,4866048,1230243.5817260742,U1,0.16644812168915013,0.5067052609673164,0.8528792401070717
q95,2.0520856380462646,file_brain_AXT2_209_6001384,16,4866048,1230243.5817260742,U2a,0.16644812168915013,0.17586231711473033,0.5688587247395237
q95,2.0520856380462646,file_brain_AXT2_209_6001384,16,4866048,1230243.5817260742,U2b,0.16644812168915013,0.17842331263945488,0.5971811343117663
q95,2.0520856380462646,file_brain_AXT2_209_6001384,16,4866048,1230243.5817260742,B1,0.16644812168915013,0.34254622231336374,0.7875305851957066
q95,2.0520856380462646,file_brain_AXT2_209_6001384,16,4866048,1230243.5817260742,B2,0.16644812168915013,0.3483162930178126,0.7950972179492066
q95,2.0520856380462646,file_brain_AXT2_209_6001384,16,4866048,1230243.5817260742,B3,0.16644812168915013,0.23890055907383237,0.57052774835779
q95,2.0520856380462646,file_brain_AXT2_209_6001384,16,4866048,1230243.5817260742,B4,0.16644812168915013,0.3036511056539164,0.7409572885853036
q95,2.0520856380462646,file_brain_AXT2_209_6001384,16,4866048,1230243.5817260742,B5,0.16644812168915013,0.16690531104340975,0.5011281454738832
q95,2.0520856380462646,file_brain_AXT2_209_6001384,16,4866048,1230243.5817260742,B6,0.16644812168915013,0.33337656242589997,0.7742143955957175
q85,1.4107755422592163,file_brain_AXT2_209_6001459,16,4866048,1307423.9754638672,C0,0.4873029922297405,0.9289330010955366,0.9365543873430321
q85,1.4107755422592163,file_brain_AXT2_209_6001459,16,4866048,1307423.9754638672,U1,0.4873029922297405,0.8572494172996685,0.8464146490121478
q85,1.4107755422592163,file_brain_AXT2_209_6001459,16,4866048,1307423.9754638672,U2a,0.4873029922297405,0.5894591498273211,0.6821211417815461
q85,1.4107755422592163,file_brain_AXT2_209_6001459,16,4866048,1307423.9754638672,U2b,0.4873029922297405,0.6856215313987074,0.8016358847525709
q85,1.4107755422592163,file_brain_AXT2_209_6001459,16,4866048,1307423.9754638672,B1,0.4873029922297405,0.7919524005093048,0.8474113036199262
q85,1.4107755422592163,file_brain_AXT2_209_6001459,16,4866048,1307423.9754638672,B2,0.4873029922297405,0.7955609555181722,0.8536384608465031
q85,1.4107755422592163,file_brain_AXT2_209_6001459,16,4866048,1307423.9754638672,B3,0.4873029922297405,0.5401554675293304,0.49624525153480176
q85,1.4107755422592163,file_brain_AXT2_209_6001459,16,4866048,1307423.9754638672,B4,0.4873029922297405,0.7438068981597042,0.8059428488034956
q85,1.4107755422592163,file_brain_AXT2_209_6001459,16,4866048,1307423.9754638672,B5,0.4873029922297405,0.4882145815873206,0.501232004119883
q85,1.4107755422592163,file_brain_AXT2_209_6001459,16,4866048,1307423.9754638672,B6,0.4873029922297405,0.7465220336354699,0.8249659664356128
q95,2.0520856380462646,file_brain_AXT2_209_6001459,16,4866048,1307423.9754638672,C0,0.15328905179594465,0.5724323710159395,0.8832170314684556
q95,2.0520856380462646,file_brain_AXT2_209_6001459,16,4866048,1307423.9754638672,U1,0.15328905179594465,0.4507288619127538,0.8319821071769392
q95,2.0520856380462646,file_brain_AXT2_209_6001459,16,4866048,1307423.9754638672,U2a,0.15328905179594465,0.16805417891985316,0.5786613228429383
q95,2.0520856380462646,file_brain_AXT2_209_6001459,16,4866048,1307423.9754638672,U2b,0.15328905179594465,0.17054519797108192,0.6071254700594879
q95,2.0520856380462646,file_brain_AXT2_209_6001459,16,4866048,1307423.9754638672,B1,0.15328905179594465,0.3727335500948636,0.7898386984677497
q95,2.0520856380462646,file_brain_AXT2_209_6001459,16,4866048,1307423.9754638672,B2,0.15328905179594465,0.37713199264102243,0.7970838757875149
q95,2.0520856380462646,file_brain_AXT2_209_6001459,16,4866048,1307423.9754638672,B3,0.15328905179594465,0.24624029390303248,0.5848760980447812
q95,2.0520856380462646,file_brain_AXT2_209_6001459,16,4866048,1307423.9754638672,B4,0.15328905179594465,0.2861612057621778,0.7354228317534743
q95,2.0520856380462646,file_brain_AXT2_209_6001459,16,4866048,1307423.9754638672,B5,0.15328905179594465,0.1542665723868444,0.5015329879203402
q95,2.0520856380462646,file_brain_AXT2_209_6001459,16,4866048,1307423.9754638672,B6,0.15328905179594465,0.246064081452202,0.7233434467441318
q85,1.4107755422592163,file_brain_AXT2_210_2100135,16,4866048,1257375.9861450195,C0,0.546960399306243,0.9521540144079615,0.953427274939801
q85,1.4107755422592163,file_brain_AXT2_210_2100135,16,4866048,1257375.9861450195,U1,0.546960399306243,0.8496446827520117,0.8112335930910185
q85,1.4107755422592163,file_brain_AXT2_210_2100135,16,4866048,1257375.9861450195,U2a,0.546960399306243,0.698088654863171,0.7488269566597033
q85,1.4107755422592163,file_brain_AXT2_210_2100135,16,4866048,1257375.9861450195,U2b,0.546960399306243,0.8232686274948774,0.873827602028723
q85,1.4107755422592163,file_brain_AXT2_210_2100135,16,4866048,1257375.9861450195,B1,0.546960399306243,0.8136815288048548,0.8548470157910634
q85,1.4107755422592163,file_brain_AXT2_210_2100135,16,4866048,1257375.9861450195,B2,0.546960399306243,0.8124397169456475,0.8600034870687371
q85,1.4107755422592163,file_brain_AXT2_210_2100135,16,4866048,1257375.9861450195,B3,0.546960399306243,0.6015353597535665,0.507244986824393
q85,1.4107755422592163,file_brain_AXT2_210_2100135,16,4866048,1257375.9861450195,B4,0.546960399306243,0.7967255247487032,0.8315239984144878
q85,1.4107755422592163,file_brain_AXT2_210_2100135,16,4866048,1257375.9861450195,B5,0.546960399306243,0.5476879265319391,0.5012333589760102
q85,1.4107755422592163,file_brain_AXT2_210_2100135,16,4866048,1257375.9861450195,B6,0.546960399306243,0.831818814977994,0.8734106057396376
q95,2.0520856380462646,file_brain_AXT2_210_2100135,16,4866048,1257375.9861450195,C0,0.1675636085316737,0.626170440327104,0.885602273076147
q95,2.0520856380462646,file_brain_AXT2_210_2100135,16,4866048,1257375.9861450195,U1,0.1675636085316737,0.4475894167091149,0.7751453190542851
q95,2.0520856380462646,file_brain_AXT2_210_2100135,16,4866048,1257375.9861450195,U2a,0.1675636085316737,0.19335628567747198,0.6075804555917262
q95,2.0520856380462646,file_brain_AXT2_210_2100135,16,4866048,1257375.9861450195,U2b,0.1675636085316737,0.1879888822936709,0.6053777065478404
q95,2.0520856380462646,file_brain_AXT2_210_2100135,16,4866048,1257375.9861450195,B1,0.1675636085316737,0.35475882387459845,0.764485563389651
q95,2.0520856380462646,file_brain_AXT2_210_2100135,16,4866048,1257375.9861450195,B2,0.1675636085316737,0.35630017271276065,0.7751860435625051
q95,2.0520856380462646,file_brain_AXT2_210_2100135,16,4866048,1257375.9861450195,B3,0.1675636085316737,0.2901635275933217,0.6157928560662322
q95,2.0520856380462646,file_brain_AXT2_210_2100135,16,4866048,1257375.9861450195,B4,0.1675636085316737,0.31370564269429013,0.7434908608368115
q95,2.0520856380462646,file_brain_AXT2_210_2100135,16,4866048,1257375.9861450195,B5,0.1675636085316737,0.1675384604736311,0.49997359043111855
q95,2.0520856380462646,file_brain_AXT2_210_2100135,16,4866048,1257375.9861450195,B6,0.1675636085316737,0.2821626668343866,0.7333771571743564
q85,1.4107755422592163,file_brain_AXT2_210_2100276,16,4866048,1293932.737915039,C0,0.524669654881681,0.9400319586843396,0.9440024600730436
q85,1.4107755422592163,file_brain_AXT2_210_2100276,16,4866048,1293932.737915039,U1,0.524669654881681,0.865980794415703,0.8643218893922798
q85,1.4107755422592163,file_brain_AXT2_210_2100276,16,4866048,1293932.737915039,U2a,0.524669654881681,0.6611162791063098,0.7206529953560523
q85,1.4107755422592163,file_brain_AXT2_210_2100276,16,4866048,1293932.737915039,U2b,0.524669654881681,0.7061019670858727,0.7709252951877376
q85,1.4107755422592163,file_brain_AXT2_210_2100276,16,4866048,1293932.737915039,B1,0.524669654881681,0.7617161341726552,0.7974652022493347
q85,1.4107755422592163,file_brain_AXT2_210_2100276,16,4866048,1293932.737915039,B2,0.524669654881681,0.7647389323860873,0.8043026741046886
q85,1.4107755422592163,file_brain_AXT2_210_2100276,16,4866048,1293932.737915039,B3,0.524669654881681,0.6154323977533455,0.5857551698263275
q85,1.4107755422592163,file_brain_AXT2_210_2100276,16,4866048,1293932.737915039,B4,0.524669654881681,0.7670381584281968,0.8106783146111288
q85,1.4107755422592163,file_brain_AXT2_210_2100276,16,4866048,1293932.737915039,B5,0.524669654881681,0.5254214406502911,0.5009755044847698
q85,1.4107755422592163,file_brain_AXT2_210_2100276,16,4866048,1293932.737915039,B6,0.524669654881681,0.7279769322011589,0.7942367728539902
q95,2.0520856380462646,file_brain_AXT2_210_2100276,16,4866048,1293932.737915039,C0,0.1879836838101182,0.6727789705343071,0.9063729332020909
q95,2.0520856380462646,file_brain_AXT2_210_2100276,16,4866048,1293932.737915039,U1,0.1879836838101182,0.5086029976494376,0.8132141535559743
q95,2.0520856380462646,file_brain_AXT2_210_2100276,16,4866048,1293932.737915039,U2a,0.1879836838101182,0.20356976871123952,0.5864798428221842
q95,2.0520856380462646,file_brain_AXT2_210_2100276,16,4866048,1293932.737915039,U2b,0.1879836838101182,0.18146212310319454,0.5322911182992968
q95,2.0520856380462646,file_brain_AXT2_210_2100276,16,4866048,1293932.737915039,B1,0.1879836838101182,0.3279370121225028,0.678591205308813
q95,2.0520856380462646,file_brain_AXT2_210_2100276,16,4866048,1293932.737915039,B2,0.1879836838101182,0.3292241477439014,0.684331405967317
q95,2.0520856380462646,file_brain_AXT2_210_2100276,16,4866048,1293932.737915039,B3,0.1879836838101182,0.2962809746184381,0.6460017720657802
q95,2.0520856380462646,file_brain_AXT2_210_2100276,16,4866048,1293932.737915039,B4,0.1879836838101182,0.3195916774167962,0.7198791624765369
q95,2.0520856380462646,file_brain_AXT2_210_2100276,16,4866048,1293932.737915039,B5,0.1879836838101182,0.18823972009855516,0.5004734881472522
q95,2.0520856380462646,file_brain_AXT2_210_2100276,16,4866048,1293932.737915039,B6,0.1879836838101182,0.24633809160826745,0.6454608047315994
q85,1.4107755422592163,file_brain_AXT2_210_2100288,16,4866048,1444751.7360229492,C0,0.6063093830243316,0.9715359459312463,0.9628994608875437
q85,1.4107755422592163,file_brain_AXT2_210_2100288,16,4866048,1444751.7360229492,U1,0.6063093830243316,0.9010162526664102,0.8778185971235639
q85,1.4107755422592163,file_brain_AXT2_210_2100288,16,4866048,1444751.7360229492,U2a,0.6063093830243316,0.7188320863079166,0.6976604216356068
q85,1.4107755422592163,file_brain_AXT2_210_2100288,16,4866048,1444751.7360229492,U2b,0.6063093830243316,0.7777954090478032,0.7857562521705254
q85,1.4107755422592163,file_brain_AXT2_210_2100288,16,4866048,1444751.7360229492,B1,0.6063093830243316,0.8205832904745824,0.8156629466746106
q85,1.4107755422592163,file_brain_AXT2_210_2100288,16,4866048,1444751.7360229492,B2,0.6063093830243316,0.8195184586352664,0.8181838907905039
q85,1.4107755422592163,file_brain_AXT2_210_2100288,16,4866048,1444751.7360229492,B3,0.6063093830243316,0.6661890888562203,0.5292898146330065
q85,1.4107755422592163,file_brain_AXT2_210_2100288,16,4866048,1444751.7360229492,B4,0.6063093830243316,0.8363118320001968,0.8315163362660744
q85,1.4107755422592163,file_brain_AXT2_210_2100288,16,4866048,1444751.7360229492,B5,0.6063093830243316,0.6070849847723828,0.501168534550158
q85,1.4107755422592163,file_brain_AXT2_210_2100288,16,4866048,1444751.7360229492,B6,0.6063093830243316,0.8221154123549298,0.8385486543461612
q95,2.0520856380462646,file_brain_AXT2_210_2100288,16,4866048,1444751.7360229492,C0,0.23307302887406856,0.639406504308578,0.8785165534362159
q95,2.0520856380462646,file_brain_AXT2_210_2100288,16,4866048,1444751.7360229492,U1,0.23307302887406856,0.4631003189900408,0.7688611457255603
q95,2.0520856380462646,file_brain_AXT2_210_2100288,16,4866048,1444751.7360229492,U2a,0.23307302887406856,0.23998535181015576,0.5325702361420268
q95,2.0520856380462646,file_brain_AXT2_210_2100288,16,4866048,1444751.7360229492,U2b,0.23307302887406856,0.22285139280804472,0.5250005876747114
q95,2.0520856380462646,file_brain_AXT2_210_2100288,16,4866048,1444751.7360229492,B1,0.23307302887406856,0.31870162703178684,0.6452079412852068
q95,2.0520856380462646,file_brain_AXT2_210_2100288,16,4866048,1444751.7360229492,B2,0.23307302887406856,0.31455367326697636,0.6422595444702567
q95,2.0520856380462646,file_brain_AXT2_210_2100288,16,4866048,1444751.7360229492,B3,0.23307302887406856,0.3068498955475506,0.5594994875306948
q95,2.0520856380462646,file_brain_AXT2_210_2100288,16,4866048,1444751.7360229492,B4,0.23307302887406856,0.3708715896180585,0.7219504853092076
q95,2.0520856380462646,file_brain_AXT2_210_2100288,16,4866048,1444751.7360229492,B5,0.23307302887406856,0.23331161893389044,0.5004512571940434
q95,2.0520856380462646,file_brain_AXT2_210_2100288,16,4866048,1444751.7360229492,B6,0.23307302887406856,0.2957469699070594,0.6596829427356079
q85,1.4107755422592163,file_brain_AXT2_210_2100306,16,4866048,1270491.8502807617,C0,0.5168325549881795,0.9314908402661288,0.937844957492989
q85,1.4107755422592163,file_brain_AXT2_210_2100306,16,4866048,1270491.8502807617,U1,0.5168325549881795,0.8576243391088142,0.8684209937147818
q85,1.4107755422592163,file_brain_AXT2_210_2100306,16,4866048,1270491.8502807617,U2a,0.5168325549881795,0.6792649212793576,0.7343664351545677
q85,1.4107755422592163,file_brain_AXT2_210_2100306,16,4866048,1270491.8502807617,U2b,0.5168325549881795,0.7489373199460516,0.8334841553802931
q85,1.4107755422592163,file_brain_AXT2_210_2100306,16,4866048,1270491.8502807617,B1,0.5168325549881795,0.7798246176172348,0.8278255999736059
q85,1.4107755422592163,file_brain_AXT2_210_2100306,16,4866048,1270491.8502807617,B2,0.5168325549881795,0.7821817428540678,0.8338326248299262
q85,1.4107755422592163,file_brain_AXT2_210_2100306,16,4866048,1270491.8502807617,B3,0.5168325549881795,0.5605546338055678,0.5058308471457112
q85,1.4107755422592163,file_brain_AXT2_210_2100306,16,4866048,1270491.8502807617,B4,0.5168325549881795,0.7637383791402856,0.8110364497316139
q85,1.4107755422592163,file_brain_AXT2_210_2100306,16,4866048,1270491.8502807617,B5,0.5168325549881795,0.5181498567161831,0.501751986330703
q85,1.4107755422592163,file_brain_AXT2_210_2100306,16,4866048,1270491.8502807617,B6,0.5168325549881795,0.77107429963262,0.8354912094927687
q95,2.0520856380462646,file_brain_AXT2_210_2100306,16,4866048,1270491.8502807617,C0,0.16030537835626799,0.603704371270317,0.8751048767136927
q95,2.0520856380462646,file_brain_AXT2_210_2100306,16,4866048,1270491.8502807617,U1,0.16030537835626799,0.4194833403199715,0.8124634089060869
q95,2.0520856380462646,file_brain_AXT2_210_2100306,16,4866048,1270491.8502807617,U2a,0.16030537835626799,0.20351155840234,0.6294417171456251
q95,2.0520856380462646,file_brain_AXT2_210_2100306,16,4866048,1270491.8502807617,U2b,0.16030537835626799,0.175824588328721,0.5997787278176192
q95,2.0520856380462646,file_brain_AXT2_210_2100306,16,4866048,1270491.8502807617,B1,0.16030537835626799,0.32236463222897127,0.7519143537710333
q95,2.0520856380462646,file_brain_AXT2_210_2100306,16,4866048,1270491.8502807617,B2,0.16030537835626799,0.323877273149032,0.7596347959707795
q95,2.0520856380462646,file_brain_AXT2_210_2100306,16,4866048,1270491.8502807617,B3,0.16030537835626799,0.2354148868668835,0.5860736246162555
q95,2.0520856380462646,file_brain_AXT2_210_2100306,16,4866048,1270491.8502807617,B4,0.16030537835626799,0.2800562497926741,0.723669705324759
q95,2.0520856380462646,file_brain_AXT2_210_2100306,16,4866048,1270491.8502807617,B5,0.16030537835626799,0.16114293129029483,0.5016349603496358
q95,2.0520856380462646,file_brain_AXT2_210_2100306,16,4866048,1270491.8502807617,B6,0.16030537835626799,0.2708230483751841,0.7333249316856392
q85,1.4107755422592163,file_brain_AXT2_210_2100368,16,4866048,1253321.1384887695,C0,0.45541634802334435,0.8557640868962589,0.9067038302463252
q85,1.4107755422592163,file_brain_AXT2_210_2100368,16,4866048,1253321.1384887695,U1,0.45541634802334435,0.7095790265931868,0.807243377618499
q85,1.4107755422592163,file_brain_AXT2_210_2100368,16,4866048,1253321.1384887695,U2a,0.45541634802334435,0.6039135746383321,0.7171393846573687
q85,1.4107755422592163,file_brain_AXT2_210_2100368,16,4866048,1253321.1384887695,U2b,0.45541634802334435,0.7038247711052341,0.8391830114168346
q85,1.4107755422592163,file_brain_AXT2_210_2100368,16,4866048,1253321.1384887695,B1,0.45541634802334435,0.7147339864150803,0.8085121121019366
q85,1.4107755422592163,file_brain_AXT2_210_2100368,16,4866048,1253321.1384887695,B2,0.45541634802334435,0.7151904712518657,0.8121373979102062
q85,1.4107755422592163,file_brain_AXT2_210_2100368,16,4866048,1253321.1384887695,B3,0.45541634802334435,0.4994500039409752,0.49818081405123193
q85,1.4107755422592163,file_brain_AXT2_210_2100368,16,4866048,1253321.1384887695,B4,0.45541634802334435,0.686805739996703,0.779274720271973
q85,1.4107755422592163,file_brain_AXT2_210_2100368,16,4866048,1253321.1384887695,B5,0.45541634802334435,0.457326566042784,0.5022660303805786
q85,1.4107755422592163,file_brain_AXT2_210_2100368,16,4866048,1253321.1384887695,B6,0.45541634802334435,0.7224304713235603,0.825737399802765
q95,2.0520856380462646,file_brain_AXT2_210_2100368,16,4866048,1253321.1384887695,C0,0.13933613460164848,0.4616275996819681,0.8407336076673902
q95,2.0520856380462646,file_brain_AXT2_210_2100368,16,4866048,1253321.1384887695,U1,0.13933613460164848,0.30803084186628676,0.7541355494611913
q95,2.0520856380462646,file_brain_AXT2_210_2100368,16,4866048,1253321.1384887695,U2a,0.13933613460164848,0.17402322600837178,0.6258400593024721
q95,2.0520856380462646,file_brain_AXT2_210_2100368,16,4866048,1253321.1384887695,U2b,0.13933613460164848,0.181967881538138,0.6676443262818632
q95,2.0520856380462646,file_brain_AXT2_210_2100368,16,4866048,1253321.1384887695,B1,0.13933613460164848,0.2792988895373464,0.7377711438815886
q95,2.0520856380462646,file_brain_AXT2_210_2100368,16,4866048,1253321.1384887695,B2,0.13933613460164848,0.2786598598976709,0.7418714485577329
q95,2.0520856380462646,file_brain_AXT2_210_2100368,16,4866048,1253321.1384887695,B3,0.13933613460164848,0.1906067878635556,0.5465988242180526
q95,2.0520856380462646,file_brain_AXT2_210_2100368,16,4866048,1253321.1384887695,B4,0.13933613460164848,0.24093962800002727,0.7081356222444519
q95,2.0520856380462646,file_brain_AXT2_210_2100368,16,4866048,1253321.1384887695,B5,0.13933613460164848,0.14014856951512936,0.5017096133208147
q95,2.0520856380462646,file_brain_AXT2_210_2100368,16,4866048,1253321.1384887695,B6,0.13933613460164848,0.24627301269771953,0.726310997250085
q85,1.4107755422592163,file_brain_AXT2_210_6001524,16,4866048,1231214.0518798828,C0,0.44162104503655314,0.8993841963277656,0.9268502178563918
q85,1.4107755422592163,file_brain_AXT2_210_6001524,16,4866048,1231214.0518798828,U1,0.44162104503655314,0.7536227623993694,0.8100970141222116
q85,1.4107755422592163,file_brain_AXT2_210_6001524,16,4866048,1231214.0518798828,U2a,0.44162104503655314,0.5785685459712767,0.710173373963891
q85,1.4107755422592163,file_brain_AXT2_210_6001524,16,4866048,1231214.0518798828,U2b,0.44162104503655314,0.5843901343160336,0.7610395286896904
q85,1.4107755422592163,file_brain_AXT2_210_6001524,16,4866048,1231214.0518798828,B1,0.44162104503655314,0.6550007976548068,0.7836714964771481
q85,1.4107755422592163,file_brain_AXT2_210_6001524,16,4866048,1231214.0518798828,B2,0.44162104503655314,0.65509203682848,0.7910477687922177
q85,1.4107755422592163,file_brain_AXT2_210_6001524,16,4866048,1231214.0518798828,B3,0.44162104503655314,0.5092551400923386,0.5270297499483426
q85,1.4107755422592163,file_brain_AXT2_210_6001524,16,4866048,1231214.0518798828,B4,0.44162104503655314,0.6606299829575146,0.7787018629636568
q85,1.4107755422592163,file_brain_AXT2_210_6001524,16,4866048,1231214.0518798828,B5,0.44162104503655314,0.44222951494490353,0.50089134461971
q85,1.4107755422592163,file_brain_AXT2_210_6001524,16,4866048,1231214.0518798828,B6,0.44162104503655314,0.6639449775780717,0.7984583831766972
q95,2.0520856380462646,file_brain_AXT2_210_6001524,16,4866048,1231214.0518798828,C0,0.15060657416701764,0.6320906581783783,0.9011879095848578
q95,2.0520856380462646,file_brain_AXT2_210_6001524,16,4866048,1231214.0518798828,U1,0.15060657416701764,0.42477865173275914,0.805912926314418
q95,2.0520856380462646,file_brain_AXT2_210_6001524,16,4866048,1231214.0518798828,U2a,0.15060657416701764,0.1790273391442607,0.6137478772735664
q95,2.0520856380462646,file_brain_AXT2_210_6001524,16,4866048,1231214.0518798828,U2b,0.15060657416701764,0.1556448868262658,0.5761520392241154
q95,2.0520856380462646,file_brain_AXT2_210_6001524,16,4866048,1231214.0518798828,B1,0.15060657416701764,0.30480801336257035,0.7607433218570177
q95,2.0520856380462646,file_brain_AXT2_210_6001524,16,4866048,1231214.0518798828,B2,0.15060657416701764,0.3070061505276203,0.7697131798028365
q95,2.0520856380462646,file_brain_AXT2_210_6001524,16,4866048,1231214.0518798828,B3,0.15060657416701764,0.23690887389283533,0.6010270287071704
q95,2.0520856380462646,file_brain_AXT2_210_6001524,16,4866048,1231214.0518798828,B4,0.15060657416701764,0.26121790735824624,0.7273106430249485
q95,2.0520856380462646,file_brain_AXT2_210_6001524,16,4866048,1231214.0518798828,B5,0.15060657416701764,0.15169828294668944,0.5018628205133137
q95,2.0520856380462646,file_brain_AXT2_210_6001524,16,4866048,1231214.0518798828,B6,0.15060657416701764,0.22911485001931353,0.705258413507512
q85,1.4107755422592163,file_brain_AXT2_210_6001651,16,4866048,1258508.5311889648,C0,0.44403276175719586,0.8669949825339025,0.9055459785513605
q85,1.4107755422592163,file_brain_AXT2_210_6001651,16,4866048,1258508.5311889648,U1,0.44403276175719586,0.8145273471008289,0.8576509123858221
q85,1.4107755422592163,file_brain_AXT2_210_6001651,16,4866048,1258508.5311889648,U2a,0.44403276175719586,0.5710825395534885,0.7024998714479807
q85,1.4107755422592163,file_brain_AXT2_210_6001651,16,4866048,1258508.5311889648,U2b,0.44403276175719586,0.5921318792354264,0.7518266791422831
q85,1.4107755422592163,file_brain_AXT2_210_6001651,16,4866048,1258508.5311889648,B1,0.44403276175719586,0.6834586327204742,0.7886127134595746
q85,1.4107755422592163,file_brain_AXT2_210_6001651,16,4866048,1258508.5311889648,B2,0.44403276175719586,0.6830154773838046,0.792340881425455
q85,1.4107755422592163,file_brain_AXT2_210_6001651,16,4866048,1258508.5311889648,B3,0.44403276175719586,0.5150466004557378,0.5492854225186568
q85,1.4107755422592163,file_brain_AXT2_210_6001651,16,4866048,1258508.5311889648,B4,0.44403276175719586,0.6452272438005635,0.7657896378203493
q85,1.4107755422592163,file_brain_AXT2_210_6001651,16,4866048,1258508.5311889648,B5,0.44403276175719586,0.44573951752233665,0.5020403711213168
q85,1.4107755422592163,file_brain_AXT2_210_6001651,16,4866048,1258508.5311889648,B6,0.44403276175719586,0.6672411711386782,0.7886288587556463
q95,2.0520856380462646,file_brain_AXT2_210_6001651,16,4866048,1258508.5311889648,C0,0.13784410854042747,0.5275796187393527,0.8594631785444918
q95,2.0520856380462646,file_brain_AXT2_210_6001651,16,4866048,1258508.5311889648,U1,0.13784410854042747,0.4118035322119974,0.8020085673284736
q95,2.0520856380462646,file_brain_AXT2_210_6001651,16,4866048,1258508.5311889648,U2a,0.13784410854042747,0.16422177282196296,0.6086019149277961
q95,2.0520856380462646,file_brain_AXT2_210_6001651,16,4866048,1258508.5311889648,U2b,0.13784410854042747,0.15112895843252847,0.5876269690808952
q95,2.0520856380462646,file_brain_AXT2_210_6001651,16,4866048,1258508.5311889648,B1,0.13784410854042747,0.2801585145157892,0.749776207097098
q95,2.0520856380462646,file_brain_AXT2_210_6001651,16,4866048,1258508.5311889648,B2,0.13784410854042747,0.27944729706578814,0.7545140992255236
q95,2.0520856380462646,file_brain_AXT2_210_6001651,16,4866048,1258508.5311889648,B3,0.13784410854042747,0.19741923144116746,0.5847737335967785
q95,2.0520856380462646,file_brain_AXT2_210_6001651,16,4866048,1258508.5311889648,B4,0.13784410854042747,0.22092125231195645,0.7066246917640457
q95,2.0520856380462646,file_brain_AXT2_210_6001651,16,4866048,1258508.5311889648,B5,0.13784410854042747,0.13882162777452797,0.5020577243408874
q95,2.0520856380462646,file_brain_AXT2_210_6001651,16,4866048,1258508.5311889648,B6,0.13784410854042747,0.2530416046175981,0.7279239121044564
q85,1.4107755422592163,file_brain_AXT2_210_6001906,16,4866048,1273869.1384277344,C0,0.4341481193505217,0.8221254747195635,0.8836415418691362
q85,1.4107755422592163,file_brain_AXT2_210_6001906,16,4866048,1273869.1384277344,U1,0.4341481193505217,0.7326648221197987,0.8085537288612742
q85,1.4107755422592163,file_brain_AXT2_210_6001906,16,4866048,1273869.1384277344,U2a,0.4341481193505217,0.5653608593517289,0.6854902614695102
q85,1.4107755422592163,file_brain_AXT2_210_6001906,16,4866048,1273869.1384277344,U2b,0.4341481193505217,0.5692457762416653,0.7302154810698877
q85,1.4107755422592163,file_brain_AXT2_210_6001906,16,4866048,1273869.1384277344,B1,0.4341481193505217,0.660233952632824,0.7664899307870514
q85,1.4107755422592163,file_brain_AXT2_210_6001906,16,4866048,1273869.1384277344,B2,0.4341481193505217,0.6642201618209492,0.7712015139693267
q85,1.4107755422592163,file_brain_AXT2_210_6001906,16,4866048,1273869.1384277344,B3,0.4341481193505217,0.48698672206544347,0.5344327020213452
q85,1.4107755422592163,file_brain_AXT2_210_6001906,16,4866048,1273869.1384277344,B4,0.4341481193505217,0.6450413866393255,0.7626077505053956
q85,1.4107755422592163,file_brain_AXT2_210_6001906,16,4866048,1273869.1384277344,B5,0.4341481193505217,0.43644792747615013,0.5023979893567749
q85,1.4107755422592163,file_brain_AXT2_210_6001906,16,4866048,1273869.1384277344,B6,0.4341481193505217,0.6212926856866609,0.7593766718142255
q95,2.0520856380462646,file_brain_AXT2_210_6001906,16,4866048,1273869.1384277344,C0,0.1386041599104133,0.49444394854347856,0.8509073012210305
q95,2.0520856380462646,file_brain_AXT2_210_6001906,16,4866048,1273869.1384277344,U1,0.1386041599104133,0.35972437966860754,0.7977397299539329
q95,2.0520856380462646,file_brain_AXT2_210_6001906,16,4866048,1273869.1384277344,U2a,0.1386041599104133,0.16195988414272006,0.5931814872268512
q95,2.0520856380462646,file_brain_AXT2_210_6001906,16,4866048,1273869.1384277344,U2b,0.1386041599104133,0.17454987825850912,0.6408010062514236
q95,2.0520856380462646,file_brain_AXT2_210_6001906,16,4866048,1273869.1384277344,B1,0.1386041599104133,0.3136730313882264,0.7642793195097396
q95,2.0520856380462646,file_brain_AXT2_210_6001906,16,4866048,1273869.1384277344,B2,0.1386041599104133,0.31613040879477267,0.7676658715211317
q95,2.0520856380462646,file_brain_AXT2_210_6001906,16,4866048,1273869.1384277344,B3,0.1386041599104133,0.18242448531376887,0.537326466310458
q95,2.0520856380462646,file_brain_AXT2_210_6001906,16,4866048,1273869.1384277344,B4,0.1386041599104133,0.25125821279788424,0.7183869648805477
q95,2.0520856380462646,file_brain_AXT2_210_6001906,16,4866048,1273869.1384277344,B5,0.1386041599104133,0.13905020225162762,0.5010569088858076
q95,2.0520856380462646,file_brain_AXT2_210_6001906,16,4866048,1273869.1384277344,B6,0.1386041599104133,0.24110817905566348,0.7305475993555899
q85,1.4107755422592163,file_brain_AXT2_210_6001941,16,4866048,1390221.9310913086,C0,0.5907457006806776,0.9685250661244073,0.9617576108137746
q85,1.4107755422592163,file_brain_AXT2_210_6001941,16,4866048,1390221.9310913086,U1,0.5907457006806776,0.9389141686802762,0.9403498141682524
q85,1.4107755422592163,file_brain_AXT2_210_6001941,16,4866048,1390221.9310913086,U2a,0.5907457006806776,0.6876238420228126,0.6799170579786977
q85,1.4107755422592163,file_brain_AXT2_210_6001941,16,4866048,1390221.9310913086,U2b,0.5907457006806776,0.7548341463785665,0.7823797017640542
q85,1.4107755422592163,file_brain_AXT2_210_6001941,16,4866048,1390221.9310913086,B1,0.5907457006806776,0.7803171824041144,0.7927078384906878
q85,1.4107755422592163,file_brain_AXT2_210_6001941,16,4866048,1390221.9310913086,B2,0.5907457006806776,0.7786970976393977,0.793942011370269
q85,1.4107755422592163,file_brain_AXT2_210_6001941,16,4866048,1390221.9310913086,B3,0.5907457006806776,0.6123099446807657,0.5059980930985475
q85,1.4107755422592163,file_brain_AXT2_210_6001941,16,4866048,1390221.9310913086,B4,0.5907457006806776,0.8179632713199871,0.8249913982100014
q85,1.4107755422592163,file_brain_AXT2_210_6001941,16,4866048,1390221.9310913086,B5,0.5907457006806776,0.5916313055623116,0.5013358526309815
q85,1.4107755422592163,file_brain_AXT2_210_6001941,16,4866048,1390221.9310913086,B6,0.5907457006806776,0.7914112502373624,0.8062427559356542
q95,2.0520856380462646,file_brain_AXT2_210_6001941,16,4866048,1390221.9310913086,C0,0.23175521505711758,0.6493936872884563,0.8722635860959936
q95,2.0520856380462646,file_brain_AXT2_210_6001941,16,4866048,1390221.9310913086,U1,0.23175521505711758,0.5254399018017641,0.8337670365952227
q95,2.0520856380462646,file_brain_AXT2_210_6001941,16,4866048,1390221.9310913086,U2a,0.23175521505711758,0.24205722112824085,0.5412386084648343
q95,2.0520856380462646,file_brain_AXT2_210_6001941,16,4866048,1390221.9310913086,U2b,0.23175521505711758,0.2255932661383929,0.5433257952275693
q95,2.0520856380462646,file_brain_AXT2_210_6001941,16,4866048,1390221.9310913086,B1,0.23175521505711758,0.3175928995780958,0.6449615200700078
q95,2.0520856380462646,file_brain_AXT2_210_6001941,16,4866048,1390221.9310913086,B2,0.23175521505711758,0.31499405956777665,0.6425550508327639
q95,2.0520856380462646,file_brain_AXT2_210_6001941,16,4866048,1390221.9310913086,B3,0.23175521505711758,0.2751338817629523,0.5489211707427868
q95,2.0520856380462646,file_brain_AXT2_210_6001941,16,4866048,1390221.9310913086,B4,0.23175521505711758,0.36168566228862364,0.7125569519992162
q95,2.0520856380462646,file_brain_AXT2_210_6001941,16,4866048,1390221.9310913086,B5,0.23175521505711758,0.23192297806507536,0.5003987164706286
q95,2.0520856380462646,file_brain_AXT2_210_6001941,16,4866048,1390221.9310913086,B6,0.23175521505711758,0.2978287850306176,0.6351314469031517
